"chamber","warming","pot","nitrogen","biomass_g"
"C01","ambient","C01_P1","low",9.29
"C01","ambient","C01_P2","low",10.08
"C01","ambient","C01_P3","low",8.39
"C01","ambient","C01_P4","low",7.06
"C01","ambient","C01_P5","high",13.84
"C01","ambient","C01_P6","high",12.7
"C01","ambient","C01_P7","high",12.68
"C01","ambient","C01_P8","high",15.26
"C02","ambient","C02_P1","low",10.39
"C02","ambient","C02_P2","low",9.23
"C02","ambient","C02_P3","low",9.27
"C02","ambient","C02_P4","low",7.5
"C02","ambient","C02_P5","high",14.39
"C02","ambient","C02_P6","high",14.72
"C02","ambient","C02_P7","high",11.46
"C02","ambient","C02_P8","high",13.31
"C03","ambient","C03_P1","low",9.46
"C03","ambient","C03_P2","low",9.98
"C03","ambient","C03_P3","low",11.51
"C03","ambient","C03_P4","low",10.65
"C03","ambient","C03_P5","high",13.03
"C03","ambient","C03_P6","high",13.83
"C03","ambient","C03_P7","high",14.04
"C03","ambient","C03_P8","high",12.27
"C04","ambient","C04_P1","low",11.89
"C04","ambient","C04_P2","low",11.82
"C04","ambient","C04_P3","low",11.44
"C04","ambient","C04_P4","low",11.11
"C04","ambient","C04_P5","high",15.94
"C04","ambient","C04_P6","high",14.55
"C04","ambient","C04_P7","high",14.83
"C04","ambient","C04_P8","high",15.74
"C05","ambient","C05_P1","low",12.73
"C05","ambient","C05_P2","low",13.65
"C05","ambient","C05_P3","low",13.71
"C05","ambient","C05_P4","low",16.1
"C05","ambient","C05_P5","high",17.61
"C05","ambient","C05_P6","high",17.66
"C05","ambient","C05_P7","high",15.4
"C05","ambient","C05_P8","high",15.35
"C06","ambient","C06_P1","low",11.9
"C06","ambient","C06_P2","low",9.42
"C06","ambient","C06_P3","low",9.54
"C06","ambient","C06_P4","low",10.92
"C06","ambient","C06_P5","high",14.28
"C06","ambient","C06_P6","high",13.09
"C06","ambient","C06_P7","high",14.54
"C06","ambient","C06_P8","high",16.51
"C07","warmed","C07_P1","low",10.42
"C07","warmed","C07_P2","low",9.34
"C07","warmed","C07_P3","low",8.55
"C07","warmed","C07_P4","low",8.21
"C07","warmed","C07_P5","high",15.14
"C07","warmed","C07_P6","high",15.83
"C07","warmed","C07_P7","high",15.55
"C07","warmed","C07_P8","high",16.87
"C08","warmed","C08_P1","low",12.72
"C08","warmed","C08_P2","low",10.38
"C08","warmed","C08_P3","low",10.48
"C08","warmed","C08_P4","low",9.63
"C08","warmed","C08_P5","high",14.53
"C08","warmed","C08_P6","high",18.32
"C08","warmed","C08_P7","high",17.98
"C08","warmed","C08_P8","high",16.77
"C09","warmed","C09_P1","low",9
"C09","warmed","C09_P2","low",6.84
"C09","warmed","C09_P3","low",10.95
"C09","warmed","C09_P4","low",8.18
"C09","warmed","C09_P5","high",12.04
"C09","warmed","C09_P6","high",15.87
"C09","warmed","C09_P7","high",15.4
"C09","warmed","C09_P8","high",14.95
"C10","warmed","C10_P1","low",10.89
"C10","warmed","C10_P2","low",11.23
"C10","warmed","C10_P3","low",9.25
"C10","warmed","C10_P4","low",12.82
"C10","warmed","C10_P5","high",15.15
"C10","warmed","C10_P6","high",18.32
"C10","warmed","C10_P7","high",16.72
"C10","warmed","C10_P8","high",15.59
"C11","warmed","C11_P1","low",9.99
"C11","warmed","C11_P2","low",8.55
"C11","warmed","C11_P3","low",8.24
"C11","warmed","C11_P4","low",9.67
"C11","warmed","C11_P5","high",14.6
"C11","warmed","C11_P6","high",14.71
"C11","warmed","C11_P7","high",14.13
"C11","warmed","C11_P8","high",13.59
"C12","warmed","C12_P1","low",12.29
"C12","warmed","C12_P2","low",11.35
"C12","warmed","C12_P3","low",11.57
"C12","warmed","C12_P4","low",11.98
"C12","warmed","C12_P5","high",16.05
"C12","warmed","C12_P6","high",16.4
"C12","warmed","C12_P7","high",14
"C12","warmed","C12_P8","high",16.73
