"chick_id","brood","location","year","altitude_m","ticks"
1,"501","32","1995",465,0
2,"501","32","1995",465,0
3,"502","36","1995",472,0
4,"503","37","1995",475,0
5,"503","37","1995",475,0
6,"503","37","1995",475,3
7,"503","37","1995",475,2
8,"504","44","1995",488,0
9,"504","44","1995",488,0
10,"504","44","1995",488,2
11,"505","47","1995",492,0
12,"505","47","1995",492,0
13,"505","47","1995",492,0
14,"506","45","1995",490,0
15,"506","45","1995",490,0
16,"506","45","1995",490,0
17,"507","31","1995",464,0
18,"507","31","1995",464,0
19,"507","31","1995",464,0
20,"507","31","1995",464,1
21,"507","31","1995",464,2
22,"509","28","1995",457,1
23,"510","28","1995",457,0
24,"511","28","1995",457,0
25,"511","28","1995",457,5
26,"512","26","1995",451,8
27,"512","26","1995",451,3
28,"512","26","1995",451,4
29,"513","17","1995",437,7
30,"513","17","1995",437,0
31,"513","17","1995",437,4
32,"514","14","1995",430,4
33,"514","14","1995",430,1
34,"514","14","1995",430,0
35,"514","14","1995",430,0
36,"514","14","1995",430,3
37,"514","14","1995",430,1
38,"515","13","1995",427,6
39,"515","13","1995",427,0
40,"515","13","1995",427,1
41,"515","13","1995",427,0
42,"516","7","1995",419,2
43,"516","7","1995",419,7
44,"516","7","1995",419,31
45,"517","4","1995",411,34
46,"517","4","1995",411,17
47,"517","4","1995",411,16
48,"518","7","1995",419,66
49,"518","7","1995",419,49
50,"518","7","1995",419,82
51,"518","7","1995",419,85
52,"518","7","1995",419,64
53,"519","11","1995",424,11
54,"519","11","1995",424,14
55,"519","11","1995",424,4
56,"519","11","1995",424,10
57,"520","13","1995",427,3
58,"520","13","1995",427,15
59,"520","13","1995",427,8
60,"521","9","1995",422,9
61,"521","9","1995",422,11
62,"521","9","1995",422,7
63,"521","9","1995",422,13
64,"522","53","1995",503,3
65,"523","51","1995",496,0
66,"523","51","1995",496,0
67,"523","51","1995",496,1
68,"523","51","1995",496,1
69,"525","54","1995",507,0
70,"525","54","1995",507,0
71,"525","54","1995",507,0
72,"525","54","1995",507,0
73,"526","51","1995",496,0
74,"526","51","1995",496,0
75,"526","51","1995",496,0
76,"526","51","1995",496,1
77,"526","51","1995",496,1
78,"526","51","1995",496,0
79,"528","33","1995",466,2
80,"528","33","1995",466,0
81,"528","33","1995",466,3
82,"531","44","1995",488,1
83,"533","19","1995",442,7
84,"533","19","1995",442,2
85,"533","19","1995",442,16
86,"533","19","1995",442,12
87,"533","19","1995",442,0
88,"535","19","1995",442,1
89,"537","63","1995",533,0
90,"537","63","1995",533,0
91,"537","63","1995",533,1
92,"537","63","1995",533,0
93,"537","63","1995",533,0
94,"537","63","1995",533,1
95,"537","63","1995",533,0
96,"538","63","1995",533,0
97,"539","59","1995",515,0
98,"539","59","1995",515,0
99,"539","59","1995",515,0
100,"539","59","1995",515,0
101,"540","60","1995",518,5
102,"540","60","1995",518,2
103,"542","48","1995",493,2
104,"542","48","1995",493,1
105,"542","48","1995",493,1
106,"548","34","1995",468,0
107,"548","34","1995",468,0
108,"548","34","1995",468,1
109,"549","38","1995",476,1
110,"549","38","1995",476,1
111,"549","38","1995",476,0
112,"549","38","1995",476,0
113,"550","22","1995",446,5
114,"550","22","1995",446,3
115,"553","30","1995",460,2
116,"559","62","1995",525,2
117,"559","62","1995",525,1
118,"601","3","1996",410,1
119,"601","3","1996",410,0
120,"601","3","1996",410,2
121,"601","3","1996",410,5
122,"601","3","1996",410,1
123,"601","3","1996",410,2
124,"601","3","1996",410,2
125,"602","6","1996",417,3
126,"602","6","1996",417,14
127,"602","6","1996",417,11
128,"602","6","1996",417,9
129,"602","6","1996",417,4
130,"602","6","1996",417,10
131,"602","6","1996",417,33
132,"602","6","1996",417,19
133,"602","6","1996",417,16
134,"603","14","1996",430,16
135,"603","14","1996",430,13
136,"603","14","1996",430,11
137,"603","14","1996",430,7
138,"603","14","1996",430,4
139,"603","14","1996",430,11
140,"604","27","1996",456,1
141,"604","27","1996",456,1
142,"604","27","1996",456,4
143,"605","28","1996",457,6
144,"605","28","1996",457,2
145,"605","28","1996",457,7
146,"605","28","1996",457,8
147,"605","28","1996",457,14
148,"606","14","1996",430,6
149,"606","14","1996",430,13
150,"606","14","1996",430,5
151,"606","14","1996",430,8
152,"606","14","1996",430,13
153,"606","14","1996",430,17
154,"606","14","1996",430,5
155,"606","14","1996",430,1
156,"606","14","1996",430,1
157,"606","14","1996",430,2
158,"607","10","1996",423,7
159,"608","8","1996",421,7
160,"608","8","1996",421,11
161,"609","62","1996",525,1
162,"609","62","1996",525,0
163,"610","55","1996",509,5
164,"610","55","1996",509,4
165,"611","52","1996",499,0
166,"611","52","1996",499,0
167,"611","52","1996",499,0
168,"612","53","1996",503,7
169,"612","53","1996",503,5
170,"612","53","1996",503,3
171,"612","53","1996",503,1
172,"612","53","1996",503,6
173,"614","47","1996",492,1
174,"614","47","1996",492,2
175,"615","46","1996",491,14
176,"615","46","1996",491,5
177,"615","46","1996",491,27
178,"616","37","1996",475,1
179,"616","37","1996",475,2
180,"616","37","1996",475,3
181,"616","37","1996",475,0
182,"617","40","1996",479,1
183,"617","40","1996",479,0
184,"617","40","1996",479,5
185,"617","40","1996",479,5
186,"617","40","1996",479,8
187,"617","40","1996",479,21
188,"618","36","1996",472,15
189,"618","36","1996",472,15
190,"618","36","1996",472,6
191,"618","36","1996",472,19
192,"618","36","1996",472,14
193,"621","42","1996",485,1
194,"621","42","1996",485,1
195,"621","42","1996",485,3
196,"621","42","1996",485,2
197,"621","42","1996",485,3
198,"623","50","1996",495,2
199,"623","50","1996",495,5
200,"624","36","1996",472,0
201,"624","36","1996",472,6
202,"624","36","1996",472,3
203,"625","29","1996",458,1
204,"625","29","1996",458,0
205,"625","29","1996",458,1
206,"625","29","1996",458,6
207,"625","29","1996",458,1
208,"626","24","1996",449,85
209,"626","24","1996",449,45
210,"626","24","1996",449,68
211,"626","24","1996",449,84
212,"626","24","1996",449,50
213,"628","19","1996",442,13
214,"628","19","1996",442,1
215,"629","23","1996",448,19
216,"629","23","1996",448,26
217,"629","23","1996",448,9
218,"629","23","1996",448,2
219,"629","23","1996",448,4
220,"629","23","1996",448,3
221,"630","23","1996",448,22
222,"630","23","1996",448,32
223,"631","1","1996",403,5
224,"631","1","1996",403,21
225,"631","1","1996",403,26
226,"631","1","1996",403,13
227,"631","1","1996",403,23
228,"632","4","1996",411,42
229,"632","4","1996",411,38
230,"632","4","1996",411,61
231,"632","4","1996",411,79
232,"632","4","1996",411,39
233,"632","4","1996",411,41
234,"634","5","1996",415,15
235,"634","5","1996",415,23
236,"634","5","1996",415,14
237,"635","13","1996",427,7
238,"636","11","1996",424,24
239,"638","62","1996",525,3
240,"638","62","1996",525,1
241,"640","61","1996",521,2
242,"640","61","1996",521,1
243,"640","61","1996",521,0
244,"641","60","1996",518,3
245,"641","60","1996",518,8
246,"642","50","1996",495,1
247,"642","50","1996",495,2
248,"642","50","1996",495,0
249,"643","50","1996",495,8
250,"643","50","1996",495,3
251,"643","50","1996",495,14
252,"643","50","1996",495,16
253,"643","50","1996",495,18
254,"643","50","1996",495,11
255,"643","50","1996",495,13
256,"645","30","1996",460,6
257,"645","30","1996",460,7
258,"645","30","1996",460,10
259,"647","19","1996",442,5
260,"647","19","1996",442,7
261,"648","20","1996",443,25
262,"648","20","1996",443,11
263,"648","20","1996",443,6
264,"648","20","1996",443,4
265,"648","20","1996",443,7
266,"650","12","1996",425,4
267,"650","12","1996",425,6
268,"650","12","1996",425,2
269,"651","18","1996",439,5
270,"651","18","1996",439,3
271,"651","18","1996",439,7
272,"652","21","1996",444,3
273,"701","25","1997",450,1
274,"701","25","1997",450,4
275,"701","25","1997",450,4
276,"701","25","1997",450,2
277,"701","25","1997",450,5
278,"702","22","1997",446,3
279,"702","22","1997",446,0
280,"702","22","1997",446,3
281,"702","22","1997",446,1
282,"702","22","1997",446,2
283,"702","22","1997",446,3
284,"704","36","1997",472,1
285,"704","36","1997",472,0
286,"704","36","1997",472,4
287,"704","36","1997",472,0
288,"704","36","1997",472,0
289,"705","36","1997",472,0
290,"706","30","1997",460,0
291,"706","30","1997",460,0
292,"706","30","1997",460,0
293,"708","19","1997",442,1
294,"708","19","1997",442,3
295,"708","19","1997",442,4
296,"708","19","1997",442,0
297,"708","19","1997",442,4
298,"708","19","1997",442,2
299,"709","62","1997",525,0
300,"709","62","1997",525,0
301,"709","62","1997",525,1
302,"710","63","1997",533,0
303,"710","63","1997",533,1
304,"710","63","1997",533,2
305,"710","63","1997",533,0
306,"710","63","1997",533,0
307,"710","63","1997",533,0
308,"711","57","1997",513,1
309,"711","57","1997",513,0
310,"711","57","1997",513,0
311,"711","57","1997",513,1
312,"711","57","1997",513,1
313,"711","57","1997",513,0
314,"711","57","1997",513,0
315,"712","58","1997",514,0
316,"712","58","1997",514,0
317,"713","56","1997",511,0
318,"713","56","1997",511,0
319,"713","56","1997",511,1
320,"713","56","1997",511,0
321,"713","56","1997",511,0
322,"714","56","1997",511,0
323,"714","56","1997",511,0
324,"714","56","1997",511,1
325,"714","56","1997",511,0
326,"714","56","1997",511,0
327,"714","56","1997",511,0
328,"715","51","1997",496,0
329,"715","51","1997",496,0
330,"715","51","1997",496,0
331,"715","51","1997",496,0
332,"716","49","1997",494,1
333,"716","49","1997",494,0
334,"717","49","1997",494,0
335,"717","49","1997",494,0
336,"717","49","1997",494,0
337,"718","4","1997",411,2
338,"718","4","1997",411,4
339,"718","4","1997",411,4
340,"718","4","1997",411,1
341,"718","4","1997",411,2
342,"719","4","1997",411,2
343,"719","4","1997",411,1
344,"719","4","1997",411,4
345,"719","4","1997",411,1
346,"719","4","1997",411,3
347,"719","4","1997",411,3
348,"720","10","1997",423,2
349,"720","10","1997",423,0
350,"721","11","1997",424,3
351,"722","1","1997",403,2
352,"722","1","1997",403,0
353,"722","1","1997",403,1
354,"723","2","1997",409,0
355,"723","2","1997",409,3
356,"723","2","1997",409,1
357,"724","16","1997",434,10
358,"724","16","1997",434,4
359,"724","16","1997",434,1
360,"725","39","1997",477,2
361,"725","39","1997",477,0
362,"725","39","1997",477,1
363,"727","36","1997",472,0
364,"728","34","1997",468,0
365,"728","34","1997",468,0
366,"729","35","1997",470,0
367,"730","43","1997",486,0
368,"731","50","1997",495,0
369,"731","50","1997",495,0
370,"731","50","1997",495,0
371,"731","50","1997",495,0
372,"731","50","1997",495,0
373,"732","41","1997",483,0
374,"732","41","1997",483,0
375,"732","41","1997",483,2
376,"733","19","1997",442,2
377,"733","19","1997",442,2
378,"734","28","1997",457,0
379,"736","28","1997",457,4
380,"736","28","1997",457,5
381,"737","28","1997",457,2
382,"737","28","1997",457,3
383,"737","28","1997",457,2
384,"737","28","1997",457,2
385,"737","28","1997",457,1
386,"737","28","1997",457,2
387,"737","28","1997",457,0
388,"738","31","1997",464,2
389,"738","31","1997",464,0
390,"738","31","1997",464,1
391,"739","15","1997",433,0
392,"739","15","1997",433,3
393,"739","15","1997",433,1
394,"739","15","1997",433,0
395,"740","19","1997",442,0
396,"740","19","1997",442,0
397,"741","15","1997",433,0
398,"741","15","1997",433,1
399,"741","15","1997",433,0
400,"742","14","1997",430,0
401,"742","14","1997",430,0
402,"743","25","1997",450,2
403,"743","25","1997",450,0
