"product","logdose","n","dead"
"A",-5,9,0
"A",-4.5,10,0
"A",-4,12,0
"A",-3.5,14,0
"A",-3,9,1
"A",-2.5,14,0
"A",-2,14,3
"A",-1.5,12,2
"A",-1,12,5
"A",-0.5,8,3
"A",0,9,6
"A",0.5,9,6
"A",1,12,8
"A",1.5,10,8
"A",2,13,12
"A",2.5,11,10
"A",3,13,11
"A",3.5,14,14
"A",4,10,10
"A",4.5,13,13
"A",5,14,14
"B",-5,9,1
"B",-4.5,12,0
"B",-4,8,2
"B",-3.5,9,0
"B",-3,10,2
"B",-2.5,8,1
"B",-2,10,3
"B",-1.5,14,3
"B",-1,10,5
"B",-0.5,11,5
"B",0,12,7
"B",0.5,11,7
"B",1,9,7
"B",1.5,13,11
"B",2,12,9
"B",2.5,13,12
"B",3,8,7
"B",3.5,13,13
"B",4,10,10
"B",4.5,13,10
"B",5,12,12
"C",-5,13,0
"C",-4.5,11,0
"C",-4,11,0
"C",-3.5,13,1
"C",-3,8,0
"C",-2.5,11,3
"C",-2,13,2
"C",-1.5,12,2
"C",-1,11,3
"C",-0.5,14,4
"C",0,11,10
"C",0.5,9,6
"C",1,8,8
"C",1.5,8,7
"C",2,10,9
"C",2.5,11,8
"C",3,12,12
"C",3.5,10,10
"C",4,14,14
"C",4.5,10,10
"C",5,11,11
