"stream_id","altitude_m","farmland_percent","mayfly_density"
"S01",359,84.2,23.5
"S02",1148,35.4,61.6
"S03",1172,26.5,63.1
"S04",901,28.9,68.5
"S05",681,37.2,44.5
"S06",1066,49,60.2
"S07",343,80.7,34.7
"S08",1174,37.7,61.8
"S09",393,67.9,34.2
"S10",1287,15.9,69.6
"S11",976,25.2,67.4
"S12",515,51.7,49.9
"S13",962,32.2,46.7
"S14",475,69.9,46.8
"S15",425,64.7,41.1
"S16",365,72.4,30.1
"S17",970,25.3,67.3
"S18",933,30.1,69.2
"S19",1304,13.9,74.8
"S20",758,53.6,56.4
"S21",634,50.6,46.5
"S22",334,74.6,13.7
"S23",1015,35.3,54
"S24",984,54,53.4
"S25",694,59.2,53.7
"S26",1385,0,71.7
"S27",487,91.9,36.9
"S28",890,36.6,58.1
"S29",1044,21.9,65.3
"S30",514,69.5,35.5
"S31",907,44,49.1
"S32",547,63,40.3
"S33",668,34.3,57.2
"S34",1493,9,81.5
"S35",396,70,29.6
"S36",852,35.7,50.5
"S37",419,90.2,15.7
"S38",1006,41.6,56.8
"S39",854,59.9,42.6
"S40",961,48.1,65.6
"S41",1131,21.9,64.7
"S42",572,72.4,38.9
"S43",1012,23,61.9
"S44",1447,4.1,78.9
"S45",1019,23.6,63.2
"S46",727,57.9,47.3
"S47",1073,27.1,64.8
"S48",308,61.4,32.6
"S49",669,58.8,44.7
"S50",1201,13,69.3
"S51",540,45.9,41.9
"S52",1041,32.4,70.3
"S53",856,37.8,45.9
"S54",440,78,20.2
"S55",599,44.1,47.1
"S56",1332,22.3,70.5
"S57",1472,3.9,77.6
"S58",504,62.6,38.9
"S59",1332,24.8,65.9
"S60",309,64.9,44.7
"S61",1294,30.9,58
"S62",1291,37.4,74.9
"S63",805,42.1,46.2
"S64",989,26.9,66.7
"S65",992,34.1,60.3
"S66",1302,21.6,61
"S67",444,58.4,34.3
"S68",818,43,57.6
"S69",1172,42.1,64.3
"S70",1088,17.6,67.5
"S71",1373,9.1,81.6
"S72",485,54.8,35.1
"S73",418,81,22.9
"S74",562,79.9,38.3
"S75",344,72.6,38.5
"S76",931,44,54.7
"S77",858,23.3,65.8
"S78",914,42.9,48.5
"S79",1196,36.8,59.5
"S80",556,61.4,40.8
"S81",554,64.2,38.2
"S82",312,91.6,20.5
"S83",309,76.2,41.6
"S84",515,60.8,44.6
"S85",1289,15.8,81.4
"S86",1073,36.1,63.9
"S87",1438,22.8,80.3
"S88",746,64.9,49.2
"S89",633,55.2,52.8
"S90",1233,27.8,68.2
