"id","chapter","type","text","n_practical","n_quiz","n_video","where","status"
"LO1.1.1","1.1","concept","Describe how the lectures, course book, practicals, homework, weekly quizzes and final exam of BIO144 fit together.",0,5,0,"Unit0:q-examplequestions-42950-1 | Unit0:q-examplequestions-42950-2 | Unit0:q-examplequestions-42950-3 | Unit1:quiz2 | Unit1:quiz3","quiz only"
"LO1.1.2","1.1","concept","Identify the prior knowledge and skills assumed at the start of the course, and where to revise them.",0,57,0,"Unit0:q-basicstatistics-08562-1 | Unit0:q-basicstatistics-08562-2 | Unit0:q-basicstatistics-08562-3 | Unit0:q-ondistributions-49410-1 | Unit0:q-ondistributions-49410-2 | Unit0:q-ondistributions-49410-3 | Unit0:q-ondistributions-49410-4 | Unit0:q-ondistributions-49410-5 | Unit0:q-ondistributions-49410-6 | Unit0:q-ondistributions-49410-7 | Unit0:q-ondistributions-49410-8 | Unit0:q-ondistributions-49410-9 | Unit0:q-ondistributions-49410-10 | Unit0:q-rrstudiothebasics-47506-1a | Unit0:q-rrstudiothebasics-47506-1b | Unit0:q-rrstudiothebasics-47506-1c | Unit0:q-rrstudiothebasics-47506-2 | Unit0:q-rrstudiothebasics-47506-3 | Unit0:q-rrstudiothebasics-47506-4 | Unit0:q-rrstudiothebasics-47506-5 | Unit0:q-rrstudiothebasics-47506-6 | Unit0:q-rrstudiothebasics-47506-7 | Unit0:q-probabilitydistribut-94116-1 | Unit0:q-probabilitydistribut-94116-2 | Unit0:q-probabilitydistribut-94116-3 | Unit0:q-probabilitydistribut-94116-4 | Unit0:q-visualisingdistribut-61156-1 | Unit0:q-visualisingdistribut-61156-2 | Unit0:q-visualisingdistribut-61156-3 | Unit0:q-visualisingdistribut-61156-4 | Unit0:q-datavisualisations-91758-1 | Unit0:q-datavisualisations-91758-2 | Unit0:q-datavisualisations-91758-3 | Unit0:q-datavisualisations-91758-4 | Unit0:q-importantterms-06664-1 | Unit0:q-importantterms-06664-2 | Unit0:q-importantterms-06664-3 | Unit0:q-importantterms-06664-4 | Unit0:q-importantterms-06664-5 | Unit0:q-importantterms-06664-6 | Unit0:q-importantterms-06664-7 | Unit0:q-importantterms-06664-8 | Unit0:q-importantterms-06664-9 | Unit0:q-importantconcepts-89592-1 | Unit0:q-importantconcepts-89592-2 | Unit0:q-importantconcepts-89592-3 | Unit0:q-importantconcepts-89592-4 | Unit0:q-basicstatisticaltest-94189-1 | Unit0:q-basicstatisticaltest-94189-2 | Unit0:q-basicstatisticaltest-94189-3 | Unit0:q-basicstatisticaltest-94189-4 | Unit0:q-problem1-73896-1 | Unit0:q-problem2-19393-1 | Unit0:q-problem3-41163-1 | Unit0:q-problem4-07313-1 | Unit1:weekly-quiz-5 | Unit2:quiz-bodyfat-mean-median","quiz only"
"LO1.1.3","1.1","concept","Describe the steps of a data analysis workflow, from formulating a question to communicating the answer, and explain why the presentation and analysis should be planned before the data are collected.",1,2,0,"Unit1:Exercise 1 (of 1) | Unit1:weekly-quiz-1 | Unit3:q1-preliminaries","practical"
"LO1.1.4","1.1","concept","Describe the four principles for high-quality data analysis: a focused question with planned sampling and analysis; a model that accounts for the distribution and dependence of the data; emphasis on effect sizes and biological relevance; and reporting that makes the research reproducible.",0,1,0,"Unit1:LO-four-principles","quiz only"
"LO1.1.5","1.1","concept","Explain the advantages of doing a data analysis with a script in R, such as being repeatable, readable and sharable.",0,2,0,"Unit2:quiz-bmi-calculation | Unit2:lo-reproducible-workflows","quiz only"
"LO1.1.6","1.1","concept","Distinguish appropriate from inappropriate uses of AI assistants in learning data analysis and in BIO144 assessments.",0,1,0,"Unit1:weekly-quiz-7","quiz only"
"LO1.1.7","1.1","concept","Recognise and use the course notation for samples, populations and linear models (e.g. the sample mean, sample and population standard deviation, parameter estimates and residuals).",0,1,0,"Unit1:LO-notation","quiz only"
"LO2.1.1","2.1","concept","Explain the purpose of the script, the console and the environment in RStudio.",0,1,0,"Unit1:weekly-quiz-6","quiz only"
"LO2.1.2","2.1","analysis","Write and run R code in a script, using objects, functions and arguments correctly.",1,4,0,"Unit0:q-problem1-73896-1 | Unit0:q-problem2-19393-1 | Unit0:q-problem3-41163-1 | Unit0:q-problem4-07313-1 | Unit2:Practical part 2","practical"
"LO2.1.3","2.1","analysis","Install and load add-on packages, and explain the difference between installing and loading a package.",0,6,0,"Unit0:q-problem1-84746-1 | Unit0:q-problem1-84746-2 | Unit0:q-problem1-84746-3 | Unit0:q-problem2-94604-1 | Unit1:quiz-install-packages | Unit2:weekly-quiz-4","quiz only"
"LO2.1.4","2.1","analysis","Use R's help system and other resources to find out how a function works and what arguments it takes.",0,5,0,"Unit0:q-problem1-91294-1 | Unit0:q-problem2-59912-1a | Unit0:q-problem2-59912-1b | Unit0:q-problem3-53640-1 | Unit1:weekly-quiz-2","quiz only"
"LO2.1.5","2.1","analysis","Import a dataset into R and inspect its structure, including the variable names and variable types.",4,4,0,"Unit1:Exercise 1 (of 1) | Unit2:Practical part 2 | Unit2:quiz-bodyfat-duplicate-variables | Unit2:Practical part 3 | Unit5:1. Get organised and prepared | Unit5:quiz-anova-nrows | Unit6:quiz-milk-n-observations | Unit8:LO-ticks-n","practical"
"LO2.1.6","2.1","analysis","Convert variables to factors, and set or change the reference level of a categorical variable.",1,1,0,"Unit5:2. Visualise | Unit5:quiz-effect-druga-high","practical"
"LO2.1.7","2.1","analysis","Manipulate data in R: select variables, filter observations, create new variables, and calculate summaries by group.",5,31,0,"Unit1:Exercise 1 (of 1) | Unit12:LO-cap-mean-cell | Unit2:quiz-dplyr-mutate | Unit2:quiz-dplyr-select | Unit2:quiz-dplyr-slice | Unit2:quiz-dplyr-filter | Unit2:quiz-dplyr-arrange | Unit2:quiz-dplyr-groupby | Unit2:quiz-dplyr-groupby-second-arg | Unit2:quiz-dplyr-summarise | Unit2:Practical part 2 | Unit2:quiz-bodyfat-count | Unit2:quiz-bodyfat-bmi-outlier | Unit2:quiz-bodyfat-extreme-individuals | Unit2:Practical part 3 | Unit2:quiz-number-of-countries | Unit2:quiz-number-of-years | Unit2:quiz-non-na-health-childmort | Unit2:quiz-child-mort-africa-2013 | Unit2:lo-dplyr-functions | Unit3:quiz-number-of-countries-available | Unit5:quiz-anova-n-observations | Unit6:quiz-dplyr-select | Unit6:quiz-dplyr-mutate-transform | Unit7:1. Prepare a script, load the data, and make some basic checks on the dataset. | Unit7:quiz-intertidal-mean-noherb-low | Unit7:quiz-intertidal-sd-withherb-midh | Unit7:quiz-countries-africa | Unit7:quiz-countries-not-africa | Unit7:quiz-rugged-lowest-country | Unit7:quiz-rugged-switzerland-rank | Unit7:quiz-gdp-na-total | Unit7:quiz-gdp-na-africa | Unit7:quiz-gdp-na-not-africa | Unit8:1. Prepare a script, load the data, and make some basic checks on the dataset. | Unit8:quiz-na-any-five-vars","practical"
"LO2.1.8","2.1","analysis","Produce exploratory graphs (e.g. histograms, scatterplots, box plots) to inspect distributions of and relationships between variables.",5,20,0,"Unit1:Exercise 1 (of 1) | Unit2:quiz-ggplot-aes | Unit2:quiz-ggplot-first-arg | Unit2:quiz-ggplot-facets | Unit2:Practical part 2 | Unit2:quiz-normal-distribution-bodyfat | Unit2:quiz-bodyfat-mean-median | Unit2:quiz-bodyfat-extreme-values | Unit2:quiz-bodyfat-extreme-individuals | Unit2:quiz-bodyfat-predictors | Unit2:Practical part 3 | Unit2:quiz-child-mort-boxplot | Unit2:quiz-child-mort-health-spend-facets | Unit2:lo-exploration-distributions | Unit2:lo-visualisation-choice | Unit5:2. Visualise | Unit5:quiz-anova-graph-choice | Unit5:quiz-anova-interpret-graph | Unit6:2. Explore the data | Unit6:quiz-milk-distributions | Unit6:quiz-milk-kcal-mass | Unit6:quiz-milk-kcal-neocortex | Unit7:quiz-intertidal-low-values | Unit7:quiz-rugged-distribution | Unit8:quiz-abalone-associated-variables","practical"
"LO2.1.9","2.1","analysis","Identify and fix common errors in R code (e.g. typos, misspelled variable names, packages not loaded).",1,3,0,"Unit1:Exercise 1 (of 1) | Unit1:quiz-fixing-errors | Unit1:weekly-quiz-3 | Unit1:weekly-quiz-7","practical"
"LO2.1.10","2.1","analysis","Organise an analysis as a script within an RStudio project, with meaningful names for datasets and model objects, that reproduces all results when run from top to bottom.",0,2,0,"Unit2:quiz-bmi-calculation | Unit2:lo-reproducible-workflows","quiz only"
"LO3.1.1","3.1","concept","Explain when simple linear regression is an appropriate tool for a biological question.",0,1,0,"Unit3:LO-when-regression","quiz only"
"LO3.1.2","3.1","concept","Write the simple linear regression model as an equation, and identify the intercept, slope and error term.",0,2,0,"Unit3:quiz-guess-intercept-log10 | Unit3:quiz-guess-slope-log10","quiz only"
"LO3.1.3","3.1","concept","Explain the least squares principle by which the intercept and slope are estimated.",0,2,0,"Unit3:q5-least-squares | Unit4:q-calc-slope-ss","quiz only"
"LO3.1.4","3.1","concept","Calculate fitted values and residuals from a regression equation and data.",0,1,0,"Unit4:q-calc-predicted-value","quiz only"
"LO3.1.5","3.1","concept","Explain what degrees of freedom are: the number of independent pieces of information left for estimating variation after the model parameters have been estimated, so that the residual degrees of freedom equal the number of observations minus the number of estimated parameters.",0,3,0,"Unit1:quiz-degrees-of-freedom | Unit3:quiz-degrees-of-freedom-regression | Unit3:q1-preliminaries","quiz only"
"LO3.1.6","3.1","concept","Explain why the residual variance of a simple linear regression is estimated by dividing the residual sum of squares by n <U+2212> 2, and calculate the residual degrees of freedom.",1,2,0,"Unit3:Practical part 1 | Unit3:quiz-degrees-of-freedom-regression | Unit3:q2-df-numeric","practical"
"LO3.1.7","3.1","concept","Explain why few residual degrees of freedom are a problem: imprecise estimates of the residual variance, larger critical t-values and so wider confidence intervals and less power, a risk of fitting noise, and difficulty checking assumptions.",0,1,0,"Unit4:LO-df-and-ci-width","quiz only"
"LO3.1.8","3.1","concept","Describe how the error term is modelled: normally distributed, with mean zero and constant variance.",0,1,0,"Unit3:LO-error-term","quiz only"
"LO3.1.9","3.1","concept","State the assumptions of simple linear regression.",0,1,0,"Unit3:q6-assumptions","quiz only"
"LO3.1.10","3.1","analysis","Use R to fit a simple linear regression with `lm()` and obtain the estimated intercept and slope.",1,7,0,"Unit3:Practical part 1 | Unit3:quiz-lm-meaning | Unit3:quiz-lm-formula-components | Unit3:quiz-get-residuals | Unit3:quiz-get-fitted-values | Unit3:q4-lm-order | Unit4:quiz-estimated-intercept | Unit4:quiz-estimated-slope","practical"
"LO3.1.11","3.1","analysis","Use diagnostic plots to judge whether the assumptions of a linear regression are reasonably met, and identify which assumption is violated if not.",3,10,0,"Unit3:Practical part 1 | Unit3:quiz-residuals-normality | Unit3:quiz-residuals-vs-fitted | Unit3:Practical part 2 | Unit3:quiz-qqplot-uniform | Unit3:quiz-qqplot-left-skewed | Unit3:quiz-qqplot-poisson-binom | Unit3:quiz-qqplot-right-skewed | Unit3:q3-residual-histogram | Unit3:q7-diagnostics | Unit3:q8-ggfortify | Unit3:q9-scale-location | Unit7:4. Check the assumptions of model","practical"
"LO3.1.12","3.1","analysis","Explain leverage and Cook's distance, and identify influential observations.",1,1,0,"Unit3:Practical part 1 | Unit3:LO-leverage-cooks","practical"
"LO3.1.13","3.1","analysis","Identify common problems in a regression (e.g. non-linearity, non-constant variance, influential observations) and select an appropriate remedy (e.g. a transformation).",1,5,0,"Unit2:lo-transformations | Unit3:Practical part 1 | Unit3:quiz-linear-regression-problem | Unit3:quiz-transformation-right-skew | Unit3:quiz-log-transform-linear | Unit5:ga5-q7-assumptions","practical"
"LO3.1.14","3.1","analysis","Interpret the coefficients of a regression with a log-transformed response and/or explanatory variable (e.g. as proportional or multiplicative effects).",1,2,0,"Unit3:quiz-log10-interpretation | Unit4:A linear-linear graph | Unit4:quiz-interpret-nonlinearity-spend","practical"
"LO3.1.15","3.1","concept","Explain what makes a model linear (linear in its parameters), so that models with transformed variables can still be fitted with `lm()`.",0,2,0,"Unit5:ga5-q6-linear-model-definition | Unit7:ga6-q2-lm-function","quiz only"
"LO4.1.1","4.1","concept","Explain what the correlation coefficient (r) and R<U+00B2> each measure, and how they differ.",1,1,0,"Unit4:Uncertainty, prediction and extrapolation | Unit4:LO-r-vs-r2","practical"
"LO4.1.2","4.1","concept","Explain R<U+00B2> as the proportion of the total sum of squares explained by the model, and calculate it from the sums of squares.",0,2,0,"Unit4:q-calc-r-squared-ss | Unit7:quiz-intertidal-adjusted-r2","quiz only"
"LO4.1.3","4.1","analysis","Use R to obtain r and R<U+00B2> for a simple linear regression, and interpret their values.",2,2,0,"Unit4:Interpreting regression results | Unit4:quiz-r-squared | Unit4:Uncertainty, prediction and extrapolation | Unit4:LO-correlation-r","practical"
"LO4.1.4","4.1","concept","Identify the null hypothesis tested by the t-test of a regression slope.",0,1,0,"Unit4:q-definition-pvalue-slope","quiz only"
"LO4.1.5","4.1","concept","Explain what a p-value is, and calculate the t-statistic of a slope as its estimate divided by its standard error.",1,3,0,"Unit4:Uncertainty, prediction and extrapolation | Unit4:LO-t-from-estimate | Unit4:q-definition-pvalue-slope | Unit6:quiz-milk-slope-chance","practical"
"LO4.1.6","4.1","concept","Explain how the number of degrees of freedom changes the t-distribution, and why fewer residual degrees of freedom give wider confidence intervals and larger p-values for the same t-statistic.",1,1,0,"Unit4:Uncertainty, prediction and extrapolation | Unit4:LO-df-and-ci-width","practical"
"LO4.1.7","4.1","analysis","Use R to test whether the estimated slope is compatible with zero or another specified value, and draw the appropriate conclusion.",1,1,0,"Unit4:Interpreting regression results | Unit4:quiz-slope-zero-compatibility","practical"
"LO4.1.8","4.1","analysis","Use the residual degrees of freedom (n <U+2212> 2) to obtain the critical t-value for a confidence interval and the p-value for a slope, and identify the degrees of freedom in R output.",2,3,0,"Unit4:Interpreting regression results | Unit4:quiz-df-error-r-output | Unit4:Uncertainty, prediction and extrapolation | Unit4:LO-critical-t | Unit6:quiz-milk-ci-neocortex-lower","practical"
"LO4.1.9","4.1","analysis","Use R to obtain a 95% confidence interval for the slope and intercept, and interpret it.",2,3,0,"Unit4:Uncertainty, prediction and extrapolation | Unit4:LO-ci-slope-lower | Unit4:Reporting the results | Unit4:q-calc-ci-slope | Unit6:quiz-milk-ci-neocortex-lower","practical"
"LO4.1.10","4.1","concept","Distinguish a confidence band from a prediction band, and explain why the prediction band is wider.",2,3,0,"Unit4:Uncertainty, prediction and extrapolation | Unit4:LO-prediction-interval-100 | Unit4:Reporting graphically | Unit4:q7-confidence-vs-prediction | Unit6:quiz-confidence-vs-prediction-bands","practical"
"LO4.1.11","4.1","analysis","Use `predict()` to calculate the expected value of the response, with its confidence interval or prediction interval, for a new value of the explanatory variable.",2,3,0,"Unit4:Uncertainty, prediction and extrapolation | Unit4:LO-predict-100 | Unit4:LO-prediction-interval-100 | Unit4:A linear-linear graph | Unit4:q6-predict","practical"
"LO4.1.12","4.1","analysis","Interpret the slope and intercept in the biological units of the study, including whether the intercept is biologically meaningful.",1,3,0,"Unit4:Reporting the results | Unit4:quiz-reporting-pattern-loglog | Unit4:quiz-interpret-nonlinearity-spend | Unit4:q-interpret-slope","practical"
"LO4.1.13","4.1","concept","Recognise a correct and complete statement of regression results that reports the estimate, its uncertainty and the test result.",1,3,0,"Unit4:Reporting the results | Unit4:quiz-good-reporting-sentence | Unit4:quiz-reporting-pattern-loglog | Unit4:quiz-reporting-statistical-test","practical"
"LO4.1.14","4.1","analysis","Evaluate whether a regression analysis supports a stated biological claim, considering R<U+00B2> versus statistical significance, extrapolation beyond the data, model diagnostics, and correlation versus causation.",3,3,0,"Unit4:Uncertainty, prediction and extrapolation | Unit4:LO-extrapolation | Unit4:Policy implications and recommendations | Unit4:quiz-causation-vs-correlation | Unit6:Practical part 3 | Unit6:LO-mayfly-causation","practical"
"LO5.1.1","5.1","concept","Explain one-way ANOVA as a linear model with a single categorical explanatory variable.",0,1,0,"Unit7:ga6-q1-linear-models","quiz only"
"LO5.1.2","5.1","concept","Explain how the total variation is partitioned into between-group and within-group components, and how the F statistic is calculated from them.",0,2,0,"Unit5:quiz-expected-pvalue-from-boxplot | Unit5:quiz-anova-f-statistic","quiz only"
"LO5.1.3","5.1","concept","Calculate the total, model and residual degrees of freedom of a one-way ANOVA (n <U+2212> 1, k <U+2212> 1 and n <U+2212> k), and explain why they add up.",2,4,0,"Unit5:1. Get organised and prepared | Unit5:quiz-anova-n-groups | Unit5:quiz-anova-total-df | Unit5:5. Interpret the ANOVA table | Unit5:quiz-anova-df-as-expected | Unit5:ga5-q3-sample-size","practical"
"LO5.1.4","5.1","concept","Explain why sums of squares are divided by their degrees of freedom to give mean squares, and identify the two degrees of freedom of the F-distribution.",0,2,0,"Unit5:LO-anova-table-missing | Unit5:LO-anova-why-mean-squares","quiz only"
"LO5.1.5","5.1","concept","Calculate missing entries in an ANOVA table (degrees of freedom, sums of squares, mean squares, F).",0,1,0,"Unit5:LO-anova-table-missing","quiz only"
"LO5.1.6","5.1","analysis","Use R to fit a one-way ANOVA with `lm()` and obtain the ANOVA table.",1,0,0,"Unit5:3. Fit a one-way ANOVA model","practical"
"LO5.1.7","5.1","analysis","Use R to test whether the group means differ, and draw the appropriate conclusion.",1,3,0,"Unit5:5. Interpret the ANOVA table | Unit5:quiz-anova-table-interpretation | Unit5:ga6-q3-anova-pvalue | Unit5:quiz-anova-nonsignificant-pvalue","practical"
"LO5.1.8","5.1","analysis","Interpret the coefficients of a model with a categorical explanatory variable: the reference level and the differences from it.",2,3,0,"Unit5:7. Reporting sentence | Unit5:quiz-effect-druga-high | Unit5:Some things to note | Unit5:quiz-effect-size-from-summary-5levels | Unit6:quiz-multiple-regression-interpretation-hb","practical"
"LO5.1.9","5.1","analysis","Use R to obtain group means and the estimated differences between groups, with their uncertainty.",1,0,0,"Unit5:Some things to note","practical"
"LO5.1.10","5.1","analysis","Use diagnostic plots to judge whether the assumptions of a one-way ANOVA are reasonably met.",1,2,0,"Unit5:quiz-anova-assumptions-graph | Unit5:4. Check assumptions | Unit5:quiz-anova-diagnostic-plots","practical"
"LO5.1.11","5.1","analysis","Explain why testing many pairs of groups inflates the probability of a false positive, and use a correction for multiple comparisons (e.g. Bonferroni, Tukey HSD).",1,1,0,"Unit5:8. Perform a post-hoc comparisons to identify which treatments differ | Unit5:quiz-tukey-hsd-multiple-true","practical"
"LO5.1.12","5.1","concept","Decide whether one-way ANOVA is appropriate for a described study design and response variable.",1,0,0,"Unit5:Critique","practical"
"LO5.1.13","5.1","concept","Recognise a correct and complete statement of one-way ANOVA results.",2,0,0,"Unit5:6. Make a great visualisation | Unit5:7. Reporting sentence","practical"
"LO6.1.1","6.1","concept","Identify biological questions that require a model with more than one explanatory variable.",1,3,0,"Unit6:quiz-why-make-a-model | Unit6:1. The question | Unit6:quiz-milk-hypothesis | Unit6:q1-simple-vs-multiple","practical"
"LO6.1.2","6.1","concept","Write the multiple regression model as an equation, and explain what each coefficient represents.",0,1,0,"Unit6:LO-mr-equation","quiz only"
"LO6.1.3","6.1","analysis","Use R to fit a multiple regression with `lm()`.",1,3,0,"Unit6:3. Fit the multiple regression model | Unit6:quiz-milk-slope-kcal-mass | Unit6:quiz-milk-slope-kcal-neocortex | Unit6:q4-formula-syntax","practical"
"LO6.1.4","6.1","analysis","Use diagnostic plots to judge whether the assumptions of a multiple regression are reasonably met.",1,2,0,"Unit6:3. Fit the multiple regression model | Unit6:quiz-milk-residual-patterns | Unit6:quiz-milk-qqplot-ok","practical"
"LO6.1.5","6.1","concept","Calculate the model and residual degrees of freedom of a multiple regression, counting k <U+2212> 1 degrees of freedom for a categorical explanatory variable with k levels, and use them in the F-test and in adjusted R<U+00B2>.",2,6,0,"Unit6:quiz-df-error-multiple-regression-example | Unit6:2. Explore the data | Unit6:quiz-milk-df-error-multiple-regression | Unit6:Practical part 3 | Unit6:LO-mayfly-df | Unit6:LO-mayfly-df-categorical | Unit6:quiz-multiple-regression-df | Unit7:quiz-rugged-df-error","practical"
"LO6.1.6","6.1","analysis","Use the overall F-test to judge whether the explanatory variables together explain variation in the response.",0,2,0,"Unit6:q2-ensemble-effect | Unit6:quiz-multiple-regression-interpretation-hb","quiz only"
"LO6.1.7","6.1","analysis","Interpret each coefficient as the association between that explanatory variable and the response with the other explanatory variables held constant, including its direction and size.",2,5,0,"Unit6:3. Fit the multiple regression model | Unit6:quiz-milk-slope-chance | Unit6:Practical part 3 | Unit6:LO-mayfly-slope-adjusted | Unit6:LO-mayfly-why-different | Unit6:quiz-multiple-regression-interpretation | Unit6:quiz-multiple-regression-interpretation-hb","practical"
"LO6.1.8","6.1","analysis","Use R to obtain R<U+00B2> and adjusted R<U+00B2>, and explain why adjusted R<U+00B2> is needed when comparing models with different numbers of explanatory variables.",1,3,0,"Unit6:quiz-adjusted-vs-multiple-r2 | Unit6:Practical part 2 | Unit6:quiz-r2-random-variable-variability | Unit6:q5-r-squared","practical"
"LO6.1.9","6.1","analysis","Compare the importance of explanatory variables measured on different scales using standardised coefficients, and explain what is lost by standardising.",1,2,0,"Unit6:6. Collinearity and standardised coefficients | Unit6:LO-milk-standardised | Unit6:LO-standardised-what-lost","practical"
"LO6.1.10","6.1","analysis","Use `predict()` to make predictions for given values of all explanatory variables.",1,1,0,"Unit6:quiz-new-data-function-expandgrid | Unit6:4. Interpret the results","practical"
"LO6.1.11","6.1","analysis","Explain what collinearity is, detect it (e.g. correlations among explanatory variables, variance inflation factors), and describe its consequences for coefficient estimates and their uncertainty.",8,8,0,"Unit10:Step 9: Principal components as explanatory variables | Unit6:2. Explore the data | Unit6:quiz-milk-mass-neocortex | Unit6:quiz-milk-collinearity | Unit6:5. Unique contributions of each explanatory variable | Unit6:6. Collinearity and standardised coefficients | Unit6:LO-milk-vif | Unit6:Practical part 3 | Unit6:LO-mayfly-cost-of-adjusting | Unit6:quiz-multiple-regression-collinearity | Unit8:2. Visualise to answer the question. | Unit8:quiz-abalone-why-multiple-associated | Unit8:quiz-abalone-collinearity-concern | Unit8:5. Interpret the model. | Unit8:quiz-abalone-significant-predictors | Unit9:Practical part 2","practical"
"LO6.1.12","6.1","analysis","Use the residual degrees of freedom of two nested models in an F-test comparing them.",1,3,0,"Unit6:5. Unique contributions of each explanatory variable | Unit6:quiz-milk-f-statistic-model-comparison | Unit6:quiz-milk-partial-r2 | Unit6:quiz-milk-partial-r2-interpretation","practical"
"LO6.1.13","6.1","concept","Explain what a confounding variable is, how including a measured confounder in a multiple regression reduces bias in the estimated effect of another variable, and why this cannot prove causation.",1,5,0,"Unit6:Practical part 3 | Unit6:LO-mayfly-slope-simple | Unit6:LO-mayfly-slope-adjusted | Unit6:LO-mayfly-why-different | Unit6:LO-mayfly-cost-of-adjusting | Unit6:LO-mayfly-causation","practical"
"LO6.1.14","6.1","concept","Recognise a correct and complete statement of multiple regression results.",2,1,0,"Unit6:quiz-reporting-criticism | Unit6:4. Interpret the results | Unit6:Practical part 3","practical"
"LO7.1.1","7.1","concept","Explain what an interaction between two explanatory variables means, both biologically and in the model equation.",1,5,0,"Unit7:0. The biological question | Unit7:quiz-intertidal-biological-question | Unit7:quiz-interaction-meaning | Unit7:quiz-ancova-interaction | Unit7:quiz-two-way-anova-interaction | Unit7:ga6-q5-model-choice","practical"
"LO7.1.2","7.1","concept","Distinguish additive from interactive effects using graphs of data or of model predictions.",1,1,0,"Unit7:quiz-intertidal-expected-pattern | Unit7:2. Visualise the answer to the question","practical"
"LO7.1.3","7.1","concept","Explain why one model with several explanatory variables (and their interaction) is preferable to several separate single-variable analyses.",0,1,0,"Unit7:ga6-q5-model-choice","quiz only"
"LO7.1.4","7.1","analysis","Use R to fit models with interactions between two categorical variables (two-way ANOVA), a categorical and a continuous variable (ANCOVA), and two continuous variables.",2,3,0,"Unit7:3. Fit an appropriate statistical model | Unit7:quiz-linear-model-interaction-syntax | Unit7:Practical part 2 | Unit7:ga6-q1-linear-models | Unit7:ga6-q2-lm-function","practical"
"LO7.1.5","7.1","analysis","Interpret interaction coefficients, including how the meaning of the main-effect coefficients changes when an interaction is in the model.",2,8,0,"Unit12:Practical | Unit12:LO-cap-interaction-estimate | Unit12:LO-cap-warming-coefficient | Unit7:quiz-interaction-main-effects-meaning | Unit7:Interpreting the coefficients of a model with an interaction | Unit7:LO-rugged-slope-africa | Unit7:LO-rugged-slope-not-africa | Unit7:LO-rugged-main-effect-meaning | Unit7:quiz-multiple-regression-interaction | Unit9:LO-pest-slope-B","practical"
"LO7.1.6","7.1","analysis","Use R to calculate and plot how the effect of one explanatory variable depends on the value of another.",3,2,0,"Unit12:Practical | Unit7:Practical part 2 | Unit7:Interpreting the coefficients of a model with an interaction | Unit7:LO-rugged-slope-not-africa | Unit7:LO-rugged-difference-at-3","practical"
"LO7.1.7","7.1","analysis","Test whether an interaction is needed, and judge whether it is biologically meaningful.",2,1,0,"Unit12:LO-cap-interaction-test | Unit7:5. Interpret the model | Unit7:Practical part 2","practical"
"LO7.1.8","7.1","concept","Calculate the degrees of freedom of main effects and interaction terms, and the residual degrees of freedom, from the number of parameters a model estimates.",2,8,0,"Unit7:0. The biological question | Unit7:quiz-intertidal-number-of-betas | Unit7:quiz-intertidal-df-error | Unit7:quiz-intertidal-anova-table-structure | Unit7:quiz-intertidal-df-model-terms | Unit7:5. Interpret the model | Unit7:quiz-anova-df-unexpected-misspecified | Unit7:quiz-rugged-df-error | Unit7:ga6-q4-degrees-of-freedom | Unit7:ga6-q6-n-data-points","practical"
"LO7.1.9","7.1","concept","Recognise a correct and complete statement of results from a model with an interaction.",2,1,0,"Unit7:6. Make a visualisation of the data, good for publication | Unit7:7. Write reporting sentence(s). | Unit7:quiz-reporting-df-why-useful","practical"
"LO8.1.1","8.1","concept","Identify biological questions and study designs in which the response variable is a count.",2,2,0,"Unit8:Practical part 1 | Unit8:LO-ticks-why-not-lm | Unit8:0. The biological question | Unit8:quiz-q1-poisson-basics","practical"
"LO8.1.2","8.1","concept","Explain why linear models with normal errors are often inappropriate for count data (counts are non-negative integers, and their variance tends to increase with the mean).",2,1,0,"Unit8:Practical part 1 | Unit8:LO-ticks-why-not-lm | Unit8:0. The biological question","practical"
"LO8.1.3","8.1","concept","Describe the three components of a generalised linear model: the linear predictor, the distribution family and the link function.",0,2,0,"Unit8:quiz-q1-poisson-basics | Unit8:quiz-q6-link-function","quiz only"
"LO8.1.4","8.1","analysis","Use R to fit a Poisson regression with `glm()`.",3,2,0,"Unit8:Practical part 1 | Unit8:3. Fit an appropriate model. | Unit8:5. Interpret the model. | Unit8:quiz-abalone-significant-predictors | Unit8:quiz-abalone-length-only-slope","practical"
"LO8.1.5","8.1","concept","Explain null and residual deviance as measures of fit for a GLM, analogous to sums of squares in a linear model.",1,1,0,"Unit8:Practical part 1 | Unit8:LO-ticks-deviance-change","practical"
"LO8.1.6","8.1","analysis","Check the assumptions of a Poisson GLM using diagnostic plots, recognising that QQ-plots of deviance residuals are interpreted differently from those of a linear model.",2,1,0,"Unit8:Practical part 1 | Unit8:4. Check the assumptions of the model. | Unit8:quiz-abalone-diagnostics-most-concerning","practical"
"LO8.1.7","8.1","analysis","Interpret coefficients on the log (link) scale, and back-transform them to multiplicative effects on the expected count.",2,6,0,"Unit8:Practical part 1 | Unit8:LO-ticks-per-100m | Unit8:LO-ticks-year97 | Unit8:Practical part 3 | Unit8:quiz-abalone-poisson-slope-interpretation | Unit8:quiz-abalone-why-not-additive | Unit8:quiz-abalone-poisson-prediction | Unit8:quiz-q2-poisson-coefs","practical"
"LO8.1.8","8.1","analysis","Use R to calculate predicted counts for given values of the explanatory variables.",3,3,0,"Unit8:Practical part 1 | Unit8:LO-ticks-predict | Unit8:6. Make a visualisation of the data, good for publication. | Unit8:Practical part 3 | Unit8:quiz-abalone-poisson-prediction | Unit8:quiz-q4-prediction-scale","practical"
"LO8.1.9","8.1","analysis","Use deviance-based tests to judge whether explanatory variables are associated with the response.",1,3,0,"Unit8:Practical part 1 | Unit8:LO-ticks-deviance-change | Unit8:LO-ticks-F | Unit8:quiz-q5-model-fit","practical"
"LO8.1.10","8.1","concept","Explain that in a chi-squared (likelihood ratio) test between nested GLMs, the degrees of freedom equal the difference in the number of estimated parameters.",1,3,0,"Unit8:Practical part 1 | Unit8:LO-ticks-df | Unit8:LO-ticks-deviance-change | Unit9:LO-pest-interaction-test","practical"
"LO8.1.11","8.1","analysis","Detect overdispersion and select an appropriate response to it (e.g. a quasi-Poisson or negative binomial model).",2,6,0,"Unit8:Practical part 1 | Unit8:LO-ticks-dispersion | Unit8:LO-ticks-overdispersion-consequence | Unit8:LO-ticks-F | Unit8:4. Check the assumptions of the model. | Unit8:quiz-abalone-overdispersion | Unit8:quiz-abalone-overdispersion-value | Unit8:quiz-q3-overdispersion","practical"
"LO8.1.12","8.1","concept","Recognise zero inflation in count data, and that it requires models beyond the Poisson GLM.",1,1,0,"Unit8:Practical part 1 | Unit8:LO-ticks-zeros","practical"
"LO8.1.13","8.1","concept","Recognise a correct and complete statement of results from a Poisson regression.",2,1,0,"Unit8:Practical part 1 | Unit8:LO-ticks-report | Unit8:7. Write reporting sentences.","practical"
"LO9.1.1","9.1","concept","Identify binary response variables (e.g. presence<U+2013>absence, success<U+2013>failure) in described biological studies.",1,2,0,"Unit9:Practical part 2 | Unit9:quiz-binomial-what-questions | Unit9:quiz-binomial-response","practical"
"LO9.1.2","9.1","concept","Distinguish individual-level binary data from aggregated binomial data (number of successes out of a number of trials).",1,2,0,"Unit9:Practical part 1 | Unit9:LO-pest-n-insects | Unit9:quiz-binomial-vs-binary","practical"
"LO9.1.3","9.1","concept","Explain why linear regression on proportions, or Poisson regression on the number of successes, is unsuitable for binary and binomial responses.",1,1,1,"Unit9:Video walkthrough; insect death! | Unit9:Practical part 1 | Unit9:LO-pest-why-not-lm","practical"
"LO9.1.4","9.1","concept","Explain the logit link and the relationship between probability, odds and log-odds.",0,2,0,"Unit9:quiz-logit-link | Unit9:quiz-odds-vs-probability","quiz only"
"LO9.1.5","9.1","concept","Convert between probabilities, odds and log-odds.",1,3,0,"Unit9:Practical part 1 | Unit9:LO-pest-predicted-prob | Unit9:quiz-prob-from-logodds | Unit9:quiz-predicted-probability","practical"
"LO9.1.6","9.1","analysis","Use R to fit a logistic regression with `glm()`.",2,1,0,"Unit9:Practical part 2 | Unit9:Practical part 3 | Unit9:quiz-binomial-implementation-glm","practical"
"LO9.1.7","9.1","analysis","Use R to fit a binomial GLM to aggregated data, specifying the numbers of successes and failures.",1,1,1,"Unit9:Video walkthrough; insect death! | Unit9:Practical part 1 | Unit9:LO-pest-df","practical"
"LO9.1.8","9.1","analysis","Interpret coefficients as changes in log-odds, and back-transform them to odds ratios.",2,5,0,"Unit9:Practical part 1 | Unit9:LO-pest-or-A | Unit9:LO-pest-slope-B | Unit9:Practical part 2 | Unit9:quiz-binomial-coef-interpretation | Unit9:quiz-odds-ratio | Unit9:quiz-binomial-exp-coef","practical"
"LO9.1.9","9.1","analysis","Use R to calculate predicted probabilities and plot the fitted relationship.",3,2,0,"Unit9:Practical part 1 | Unit9:LO-pest-predicted-prob | Unit9:Practical part 2 | Unit9:Practical part 3 | Unit9:quiz-binomial-predict-probabilities","practical"
"LO9.1.10","9.1","analysis","Use deviance-based tests to judge whether explanatory variables are associated with the response.",2,1,0,"Unit9:Practical part 1 | Unit9:LO-pest-interaction-test | Unit9:Practical part 2","practical"
"LO9.1.11","9.1","analysis","Check a binomial GLM before interpreting it, using the GLM checklist, and recognise which checks are hard to interpret for individual-level 0/1 data.",1,1,0,"Unit9:Practical part 1 | Unit9:LO-pest-dispersion","practical"
"LO9.1.12","9.1","analysis","Use the ratio of residual deviance to residual degrees of freedom to check aggregated binomial data for overdispersion, use a quasibinomial model as a pragmatic fix, and recognise that this check is not informative for individual-level binary data.",1,1,1,"Unit9:Video walkthrough; insect death! | Unit9:Practical part 1 | Unit9:LO-pest-dispersion","practical"
"LO9.1.13","9.1","concept","Recognise separation in a logistic regression from its symptoms (e.g. very large coefficient estimates and standard errors).",0,1,0,"Unit9:LO-separation","quiz only"
"LO9.1.14","9.1","concept","Recognise a correct and complete statement of results from a logistic regression.",2,1,0,"Unit9:Practical part 1 | Unit9:LO-pest-report | Unit9:Practical part 2","practical"
"LO10.1.1","10.1","concept","Recognise when a biological question involves many response variables, and explain the limitations of analysing each one separately.",1,1,0,"Unit10:Step 1: Create a dataset | Unit10:ord_q1","practical"
"LO10.1.2","10.1","analysis","Reshape multivariate data between wide and long format, and explain which format is needed for which task.",1,1,0,"Unit10:Step 2: Visualize species abundances | Unit10:ord_q2","practical"
"LO10.1.3","10.1","concept","Explain the aim of ordination: to summarise similarity among observations measured on many variables using a few axes.",0,2,0,"Unit10:quiz-pca-why-pc1-so-much | Unit10:quiz-ordination-pca-purpose","quiz only"
"LO10.1.4","10.1","concept","Explain why variables are centred, and usually scaled, before a PCA.",1,3,0,"Unit10:Step 2: Visualize species abundances | Unit10:ord_q3 | Unit10:pca_q4 | Unit10:quiz-ordination-pca-scaling","practical"
"LO10.1.5","10.1","analysis","Use R to perform a principal component analysis (PCA) and obtain the proportion of variation explained by each axis.",3,3,0,"Unit10:Step 3: Prepare data for PCA | Unit10:Step 4: Run PCA | Unit10:pca_q4 | Unit10:Step 5: Examine PCA results | Unit10:quiz-pca-pc1-variation | Unit10:quiz-ordination-pca-r","practical"
"LO10.1.6","10.1","analysis","Interpret PCA loadings and biplots to identify which variables contribute most to each axis.",2,1,0,"Unit10:Step 6: Visualize PCA results | Unit10:Step 7: Interpret PCA results more | Unit10:quiz-pca-negative-loadings","practical"
"LO10.1.7","10.1","analysis","Choose a distance measure for NMDS appropriate to the data (e.g. Euclidean distance on scaled numeric variables).",1,0,0,"Unit10:Practical part 2","practical"
"LO10.1.8","10.1","analysis","Use R to perform a non-metric multidimensional scaling (NMDS) and obtain its stress value.",1,2,0,"Unit10:Practical part 2 | Unit10:quiz-ordination-nmds-stress | Unit10:quiz-ordination-nmds-r","practical"
"LO10.1.9","10.1","analysis","Interpret ordination plots in terms of similarities and differences among observations.",3,1,0,"Unit10:Step 6: Visualize PCA results | Unit10:Step 8: Linking ordination to soil moisture | Unit10:Practical part 2 | Unit10:quiz-ordination-nmds-axes","practical"
"LO10.1.10","10.1","concept","Distinguish PCA from NMDS, and choose between them for a given dataset.",0,2,0,"Unit10:quiz-ordination-nmds-concept | Unit10:quiz-ordination-pca-vs-nmds","quiz only"
"LO10.1.11","10.1","concept","Evaluate what an ordination does and does not show (e.g. it summarises patterns but does not by itself test hypotheses; tests need separate methods).",1,2,0,"Unit10:Summary | Unit10:LO-ordination-test-choice | Unit10:quiz-ordination-gotcha-interpretation","practical"
"LO10.1.12","10.1","concept","Choose an appropriate approach to test whether groups differ in multivariate composition (MANOVA, PERMANOVA) and in multivariate spread (PERMDISP), and to relate an explanatory variable to an ordination (envfit, ordisurf).",0,1,0,"Unit10:LO-ordination-test-choice","quiz only"
"LO10.1.13","10.1","analysis","Use principal components as explanatory variables in a regression, as one way to deal with collinearity.",1,1,0,"Unit10:Step 9: Principal components as explanatory variables | Unit10:LO-pc-as-predictor","practical"
"LO11.1.1","11.1","concept","Recognise grouped, nested or hierarchical data in biological study designs (e.g. repeated measures, individuals within populations, sites within regions).",1,2,0,"Unit11:Practical part 2 | Unit11:LO-sleep-structure | Unit8:LO-ticks-independence","practical"
"LO11.1.2","11.1","concept","Explain why ignoring grouping in the data leads to pseudoreplication and overconfident conclusions.",1,2,0,"Unit11:Practical part 2 | Unit11:LO-sleep-lm-df | Unit11:quiz-mm-why","practical"
"LO11.1.3","11.1","concept","Explain why averaging the repeated measurements within each group before using `lm()` is sometimes acceptable but often throws away information.",1,2,0,"Unit11:Practical part 2 | Unit11:LO-sleep-se-compare | Unit11:quiz-mm-why-multilevel","practical"
"LO11.1.4","11.1","analysis","Recognise pseudoreplication when a model's residual degrees of freedom are much larger than the number of independent units (e.g. individual plants) in the study.",2,4,0,"Unit11:Practical part 2 | Unit11:LO-sleep-lm-df | Unit11:LO-sleep-se-compare | Unit12:Practical | Unit12:LO-cap-df-warming | Unit12:LO-cap-se-warming","practical"
"LO11.1.5","11.1","concept","Distinguish fixed effects from random effects, and decide which is appropriate for a variable in a described study.",1,3,0,"Unit11:Practical part 1 | Unit11:quiz-lmm-lm-what-estimated | Unit11:quiz-mm-fixed-effects | Unit11:quiz-mm-random-effects","practical"
"LO11.1.6","11.1","analysis","Distinguish random intercept models from random slope models, and nested from crossed random effects, and write the corresponding `lmer()` formula.",1,4,0,"Unit11:quiz-lmm-random-slopes-contrast | Unit11:Practical part 2 | Unit11:LO-sleep-rs-formula | Unit11:quiz-mm-random-intercept | Unit11:quiz-mm-random-slopes","practical"
"LO11.1.7","11.1","concept","Explain partial pooling, and how it shrinks group-level estimates towards the overall mean.",1,7,0,"Unit11:Practical part 1 | Unit11:quiz-lmm-lm-vs-lmm-predictions | Unit11:quiz-lmm-graph-interpretation | Unit11:quiz-lmm-density-interpretation | Unit11:quiz-lmm-why-this-matters | Unit11:quiz-lmm-random-slopes-contrast | Unit11:quiz-mm-partial-pooling | Unit11:quiz-mm-shrinkage","practical"
"LO11.1.8","11.1","analysis","Use R to fit linear mixed models with random intercepts, and with random slopes, using `lmer()` from the `lme4` package.",3,1,0,"Unit11:Practical part 1 | Unit11:Practical part 2 | Unit12:Practical | Unit12:LO-cap-interaction-test","practical"
"LO11.1.9","11.1","analysis","Use R output to obtain the fixed-effect estimates and the variance components.",2,3,0,"Unit11:Practical part 2 | Unit11:LO-sleep-ri-sd-subject | Unit11:LO-sleep-random-slope-sd | Unit12:Practical | Unit12:LO-cap-variance-components","practical"
"LO11.1.10","11.1","analysis","Interpret mixed model output in biological terms, including what the variance components say about variation among groups.",1,3,0,"Unit11:Practical part 2 | Unit11:LO-sleep-icc | Unit11:LO-sleep-random-slope-sd | Unit12:LO-cap-variance-components","practical"
"LO11.1.11","11.1","concept","Explain why degrees of freedom, and so p-values, for fixed effects in mixed models are not straightforward, and that several approximations exist (e.g. Satterthwaite's method).",1,2,0,"Unit11:Practical part 2 | Unit11:LO-sleep-se-compare | Unit11:quiz-mm-df","practical"
"LO11.1.12","11.1","concept","Identify limitations and assumptions of mixed models in a described analysis.",1,1,0,"Unit11:Practical part 2 | Unit11:LO-sleep-limitations","practical"
"LO11.1.13","11.1","concept","Recognise a correct and complete statement of results from a mixed model.",1,2,0,"Unit11:Practical part 2 | Unit11:LO-sleep-report | Unit12:LO-cap-report","practical"
"LO11.2.1","11.2","concept","Describe which kinds of data the methods in BIO144 can analyse: data that meet the assumptions of linear models, count and binary data using generalised linear models, grouped or repeated-measures data using mixed models, and many variables at once using ordination.",1,1,0,"Unit11:Practical part 3 | Unit11:LO-whatnext-within-bio144","practical"
"LO11.2.2","11.2","concept","Explain why data collected over time or across space often violate the assumption of independent observations, and so require specialised methods (time series analysis, spatial analysis).",0,1,0,"Unit11:quiz-time-series-biological","quiz only"
"LO11.2.3","11.2","concept","Recognise features of a research question or dataset that call for methods beyond BIO144, such as non-independent observations, non-linear relationships, abrupt changes in a relationship, many interrelated variables, time-to-event responses, or results from multiple studies.",1,1,0,"Unit11:Practical part 3 | Unit11:LO-whatnext-beyond","practical"
"LO11.2.4","11.2","concept","Match a described research situation to a suitable family of methods: time series analysis, spatial analysis, non-linear regression, breakpoint analysis, generalised additive models, structural equation modelling, machine learning, meta-analysis, survival analysis, non-parametric methods, power analysis or Bayesian statistics.",1,4,0,"Unit11:Practical part 3 | Unit11:LO-whatnext-beyond | Unit11:quiz-what-next-nonlinear | Unit11:quiz-time-series-biological | Unit11:quiz-sem-biological","practical"
"LO11.2.5","11.2","concept","Explain why the analysis, including the sample size needed (power analysis), should be planned when the study is designed.",1,1,0,"Unit11:Practical part 3 | Unit11:LO-whatnext-planning","practical"
"LO11.2.6","11.2","concept","Explain why the choice of analysis should be driven by the research question rather than by the techniques available.",1,1,0,"Unit11:Practical part 3 | Unit11:LO-whatnext-planning","practical"
"LO12.1.1","12.1","concept","Write a planning sentence for a described study, stating the question, the type of response variable, the data structure, the explanatory variables, the planned model and the expected residual degrees of freedom.",2,4,0,"Unit12:Practical | Unit12:LO-cap-model-choice | Unit12:LO-plan-sentence | Unit7:0. The biological question | Unit7:quiz-intertidal-factors | Unit7:quiz-intertidal-response-explicit","practical"
"LO12.1.2","12.1","concept","Choose a model (linear model, binomial GLM, Poisson GLM, mixed model or ordination) from the type of response variable, the explanatory variables and the data structure of a described study.",1,3,0,"Unit11:LO-whatnext-within-bio144 | Unit12:Practical | Unit12:LO-cap-model-choice | Unit12:LO-plan-model-choice","practical"
"LO12.1.3","12.1","concept","Identify the experimental unit in a described study, and recognise pseudoreplication.",1,5,0,"Unit11:LO-sleep-structure | Unit12:Practical | Unit12:LO-cap-experimental-unit | Unit12:LO-cap-se-warming | Unit12:LO-plan-experimental-unit | Unit8:LO-ticks-independence","practical"
"LO12.1.4","12.1","concept","Explain the roles of replication, randomisation, controls, blocking and balance in study design.",0,4,0,"Unit12:LO-plan-design-roles | Unit5:quiz-anova-table-interpretation | Unit5:quiz-anova-causal-interpretation | Unit7:quiz-intertidal-design-why-shuffled","quiz only"
"LO12.1.5","12.1","concept","Count the parameters a planned model will estimate, calculate the expected residual degrees of freedom, and judge whether they are enough.",1,5,0,"Unit12:Practical | Unit12:LO-cap-df-warming | Unit12:LO-plan-df-enough | Unit6:LO-mayfly-df | Unit8:LO-ticks-df | Unit9:LO-pest-df","practical"
"LO12.1.6","12.1","concept","Explain how sample size affects the precision of estimates and the power of a study, and what a power analysis is for.",0,1,0,"Unit12:LO-plan-sample-size","quiz only"
"LO12.1.7","12.1","concept","Decide which terms to include in a model from the question and the design (variables of interest, planned interactions, design variables, potential confounders), and explain why trying many models or using stepwise selection gives misleading p-values.",1,1,0,"Unit12:LO-plan-which-terms | Unit7:8. Critique and reflection","practical"
"LO12.1.8","12.1","analysis","Check a fitted model before interpreting it, make explicit predictions from it, and plot the predictions together with the data.",1,1,0,"Unit12:Practical | Unit12:LO-cap-interaction-estimate","practical"
"LO12.1.9","12.1","concept","Recognise a report that gives both the statistical result and its biological meaning.",1,1,0,"Unit12:Practical | Unit12:LO-cap-report","practical"
