"unit","line","kind","item","tag"
"Unit0",30,"quiz","q-examplequestions-42950-1","LO1.1.1"
"Unit0",45,"quiz","q-examplequestions-42950-2","LO1.1.1"
"Unit0",67,"quiz","q-examplequestions-42950-3","LO1.1.1"
"Unit0",96,"quiz","q-basicstatistics-08562-1","LO1.1.2"
"Unit0",111,"quiz","q-basicstatistics-08562-2","LO1.1.2"
"Unit0",126,"quiz","q-basicstatistics-08562-3","LO1.1.2"
"Unit0",143,"quiz","q-ondistributions-49410-1","LO1.1.2"
"Unit0",156,"quiz","q-ondistributions-49410-2","LO1.1.2"
"Unit0",170,"quiz","q-ondistributions-49410-3","LO1.1.2"
"Unit0",186,"quiz","q-ondistributions-49410-4","LO1.1.2"
"Unit0",202,"quiz","q-ondistributions-49410-5","LO1.1.2"
"Unit0",218,"quiz","q-ondistributions-49410-6","LO1.1.2"
"Unit0",232,"quiz","q-ondistributions-49410-7","LO1.1.2"
"Unit0",247,"quiz","q-ondistributions-49410-8","LO1.1.2"
"Unit0",263,"quiz","q-ondistributions-49410-9","LO1.1.2"
"Unit0",278,"quiz","q-ondistributions-49410-10","LO1.1.2"
"Unit0",298,"quiz","q-rrstudiothebasics-47506-1a","LO1.1.2"
"Unit0",310,"quiz","q-rrstudiothebasics-47506-1b","LO1.1.2"
"Unit0",322,"quiz","q-rrstudiothebasics-47506-1c","LO1.1.2"
"Unit0",334,"quiz","q-rrstudiothebasics-47506-2","LO1.1.2"
"Unit0",349,"quiz","q-rrstudiothebasics-47506-3","LO1.1.2"
"Unit0",364,"quiz","q-rrstudiothebasics-47506-4","LO1.1.2"
"Unit0",388,"quiz","q-rrstudiothebasics-47506-5","LO1.1.2"
"Unit0",404,"quiz","q-rrstudiothebasics-47506-6","LO1.1.2"
"Unit0",421,"quiz","q-rrstudiothebasics-47506-7","LO1.1.2"
"Unit0",444,"quiz","q-probabilitydistribut-94116-1","LO1.1.2"
"Unit0",456,"quiz","q-probabilitydistribut-94116-2","LO1.1.2"
"Unit0",475,"quiz","q-probabilitydistribut-94116-3","LO1.1.2"
"Unit0",489,"quiz","q-probabilitydistribut-94116-4","LO1.1.2"
"Unit0",508,"quiz","q-visualisingdistribut-61156-1","LO1.1.2"
"Unit0",524,"quiz","q-visualisingdistribut-61156-2","LO1.1.2"
"Unit0",539,"quiz","q-visualisingdistribut-61156-3","LO1.1.2"
"Unit0",554,"quiz","q-visualisingdistribut-61156-4","LO1.1.2"
"Unit0",570,"quiz","q-datavisualisations-91758-1","LO1.1.2"
"Unit0",586,"quiz","q-datavisualisations-91758-2","LO1.1.2"
"Unit0",602,"quiz","q-datavisualisations-91758-3","LO1.1.2"
"Unit0",620,"quiz","q-datavisualisations-91758-4","LO1.1.2"
"Unit0",640,"quiz","q-importantterms-06664-1","LO1.1.2"
"Unit0",657,"quiz","q-importantterms-06664-2","LO1.1.2"
"Unit0",674,"quiz","q-importantterms-06664-3","LO1.1.2"
"Unit0",692,"quiz","q-importantterms-06664-4","LO1.1.2"
"Unit0",709,"quiz","q-importantterms-06664-5","LO1.1.2"
"Unit0",726,"quiz","q-importantterms-06664-6","LO1.1.2"
"Unit0",742,"quiz","q-importantterms-06664-7","LO1.1.2"
"Unit0",758,"quiz","q-importantterms-06664-8","LO1.1.2"
"Unit0",774,"quiz","q-importantterms-06664-9","LO1.1.2"
"Unit0",793,"quiz","q-importantconcepts-89592-1","LO1.1.2"
"Unit0",808,"quiz","q-importantconcepts-89592-2","LO1.1.2"
"Unit0",826,"quiz","q-importantconcepts-89592-3","LO1.1.2"
"Unit0",843,"quiz","q-importantconcepts-89592-4","LO1.1.2"
"Unit0",862,"quiz","q-basicstatisticaltest-94189-1","LO1.1.2"
"Unit0",878,"quiz","q-basicstatisticaltest-94189-2","LO1.1.2"
"Unit0",895,"quiz","q-basicstatisticaltest-94189-3","LO1.1.2"
"Unit0",912,"quiz","q-basicstatisticaltest-94189-4","LO1.1.2"
"Unit0",981,"quiz","q-problem1-73896-1","LO1.1.2, LO2.1.2"
"Unit0",1000,"quiz","q-problem2-19393-1","LO1.1.2, LO2.1.2"
"Unit0",1020,"quiz","q-problem3-41163-1","LO1.1.2, LO2.1.2"
"Unit0",1043,"quiz","q-problem4-07313-1","LO1.1.2, LO2.1.2"
"Unit0",1076,"quiz","q-problem1-91294-1","LO2.1.4"
"Unit0",1103,"quiz","q-problem2-59912-1a","LO2.1.4"
"Unit0",1118,"quiz","q-problem2-59912-1b","LO2.1.4"
"Unit0",1134,"quiz","q-problem3-53640-1","LO2.1.4"
"Unit0",1162,"quiz","q-problem1-84746-1","LO2.1.3"
"Unit0",1179,"quiz","q-problem1-84746-2","LO2.1.3"
"Unit0",1195,"quiz","q-problem1-84746-3","LO2.1.3"
"Unit0",1215,"quiz","q-problem2-94604-1","LO2.1.3"
"Unit1",48,"practical","Part 1: Get working in RStudio (about 15 minutes)","LO2.1.1, LO1.1.1"
"Unit1",61,"quiz","LO-u1-panes","LO2.1.1"
"Unit1",75,"practical","Part 2: An RStudio project and add-on packages (about 15 minutes)","LO2.1.3, LO2.1.10"
"Unit1",82,"quiz","LO-u1-project-why","LO2.1.10"
"Unit1",108,"quiz","LO-u1-install-load","LO2.1.3"
"Unit1",122,"practical","Part 3: Get the data into R (about 15 minutes)","LO2.1.5, LO2.1.9"
"Unit1",146,"quiz","LO-u1-file-not-found","LO2.1.5, LO2.1.9"
"Unit1",160,"quiz","LO-u1-variable-types","LO2.1.5"
"Unit1",173,"practical","Part 4: Fix the reaction time script (about 40 minutes)","LO2.1.9, LO1.1.5, LO1.1.6, LO2.1.10"
"Unit1",204,"quiz","quiz-fixing-errors","LO2.1.9"
"Unit1",220,"quiz","LO-u1-error-match","LO2.1.9"
"Unit1",234,"quiz","LO-u1-same-message","LO2.1.9, LO2.1.3"
"Unit1",247,"quiz","LO-u1-silent-error","LO2.1.9"
"Unit1",262,"quiz","LO-u1-ai-use","LO1.1.6"
"Unit1",278,"quiz","LO-u1-restart","LO1.1.5, LO2.1.10"
"Unit1",295,"practical","Part 5: Previous knowledge check-in (about 10 minutes, or at home)","LO1.1.2"
"Unit1",303,"quiz","LO-u1-prior-knowledge","LO1.1.2"
"Unit1",320,"quiz","quiz2","LO1.1.1"
"Unit1",338,"quiz","quiz3","LO1.1.1"
"Unit1",361,"quiz","weekly-quiz-1","LO1.1.3"
"Unit1",377,"quiz","weekly-quiz-2","LO2.1.4"
"Unit1",393,"quiz","weekly-quiz-3","LO2.1.9"
"Unit1",409,"quiz","weekly-quiz-5","LO1.1.2"
"Unit1",425,"quiz","weekly-quiz-6","LO2.1.1"
"Unit1",440,"quiz","weekly-quiz-7","LO2.1.9, LO1.1.6"
"Unit1",455,"quiz","LO-four-principles","LO1.1.4"
"Unit1",469,"quiz","LO-notation","LO1.1.7"
"Unit1",483,"quiz","LO-u1-where-help","LO1.1.1"
"Unit10",64,"practical","Step 1: Create a dataset","LO10.1.1"
"Unit10",118,"quiz","ord_q1","LO10.1.1"
"Unit10",132,"practical","Step 2: Visualize species abundances","LO10.1.2, LO10.1.4"
"Unit10",154,"quiz","ord_q2","LO10.1.2"
"Unit10",176,"quiz","ord_q3","LO10.1.4"
"Unit10",213,"practical","Step 3: Prepare data for PCA","LO10.1.5"
"Unit10",225,"practical","Step 4: Run PCA","LO10.1.5"
"Unit10",230,"quiz","pca_q4","LO10.1.4, LO10.1.5"
"Unit10",249,"practical","Step 5: Examine PCA results","LO10.1.5"
"Unit10",259,"quiz","quiz-pca-pc1-variation","LO10.1.5"
"Unit10",272,"quiz","quiz-pca-why-pc1-so-much","LO10.1.3"
"Unit10",301,"practical","Step 6: Visualize PCA results","LO10.1.6, LO10.1.9"
"Unit10",314,"practical","Step 7: Interpret PCA results more","LO10.1.6"
"Unit10",325,"quiz","quiz-pca-negative-loadings","LO10.1.6"
"Unit10",356,"practical","Step 8: Linking ordination to soil moisture","LO10.1.9"
"Unit10",361,"practical","Step 9: Principal components as explanatory variables","LO10.1.13, LO6.1.11"
"Unit10",378,"quiz","LO-pc-as-predictor","LO10.1.13"
"Unit10",392,"practical","Summary","LO10.1.11"
"Unit10",402,"practical","Practical part 2","LO10.1.7, LO10.1.8, LO10.1.9"
"Unit10",530,"quiz","LO-ordination-test-choice","LO10.1.12, LO10.1.11"
"Unit10",552,"quiz","quiz-ordination-pca-purpose","LO10.1.3"
"Unit10",572,"quiz","quiz-ordination-pca-r","LO10.1.5"
"Unit10",592,"quiz","quiz-ordination-pca-scaling","LO10.1.4"
"Unit10",612,"quiz","quiz-ordination-nmds-concept","LO10.1.10"
"Unit10",632,"quiz","quiz-ordination-nmds-stress","LO10.1.8"
"Unit10",653,"quiz","quiz-ordination-nmds-r","LO10.1.8"
"Unit10",675,"quiz","quiz-ordination-nmds-axes","LO10.1.9"
"Unit10",695,"quiz","quiz-ordination-pca-vs-nmds","LO10.1.10"
"Unit10",715,"quiz","quiz-ordination-gotcha-interpretation","LO10.1.11"
"Unit11",53,"practical","Practical part 1","LO11.1.5, LO11.1.7, LO11.1.8"
"Unit11",115,"quiz","quiz-lmm-lm-what-estimated","LO11.1.5"
"Unit11",173,"quiz","quiz-lmm-lm-vs-lmm-predictions","LO11.1.7"
"Unit11",213,"quiz","quiz-lmm-graph-interpretation","LO11.1.7"
"Unit11",327,"quiz","quiz-lmm-density-interpretation","LO11.1.7"
"Unit11",352,"quiz","quiz-lmm-why-this-matters","LO11.1.7"
"Unit11",380,"quiz","quiz-lmm-random-slopes-contrast","LO11.1.6, LO11.1.7"
"Unit11",409,"practical","Practical part 2","LO11.1.1, LO11.1.2, LO11.1.3, LO11.1.4, LO11.1.6, LO11.1.8, LO11.1.9, LO11.1.10, LO11.1.11, LO11.1.12, LO11.1.13"
"Unit11",426,"quiz","LO-sleep-structure","LO11.1.1, LO12.1.3"
"Unit11",457,"quiz","LO-sleep-lm-df","LO11.1.4, LO11.1.2"
"Unit11",491,"quiz","LO-sleep-ri-sd-subject","LO11.1.9"
"Unit11",503,"quiz","LO-sleep-icc","LO11.1.10"
"Unit11",522,"quiz","LO-sleep-rs-formula","LO11.1.6"
"Unit11",537,"quiz","LO-sleep-se-compare","LO11.1.4, LO11.1.11, LO11.1.3"
"Unit11",551,"quiz","LO-sleep-random-slope-sd","LO11.1.9, LO11.1.10"
"Unit11",565,"quiz","LO-sleep-limitations","LO11.1.12"
"Unit11",581,"quiz","LO-sleep-report","LO11.1.13"
"Unit11",597,"practical","Practical part 3","LO11.2.1, LO11.2.3, LO11.2.4, LO11.2.5, LO11.2.6"
"Unit11",602,"quiz","LO-whatnext-within-bio144","LO11.2.1, LO12.1.2"
"Unit11",617,"quiz","LO-whatnext-beyond","LO11.2.3, LO11.2.4"
"Unit11",630,"quiz","LO-whatnext-planning","LO11.2.5, LO11.2.6"
"Unit11",646,"quiz","quiz-mm-why","LO11.1.2"
"Unit11",666,"quiz","quiz-mm-partial-pooling","LO11.1.7"
"Unit11",686,"quiz","quiz-mm-shrinkage","LO11.1.7"
"Unit11",707,"quiz","quiz-mm-random-intercept","LO11.1.6"
"Unit11",727,"quiz","quiz-mm-random-slopes","LO11.1.6"
"Unit11",747,"quiz","quiz-mm-df","LO11.1.11"
"Unit11",766,"quiz","quiz-mm-fixed-effects","LO11.1.5"
"Unit11",784,"quiz","quiz-mm-random-effects","LO11.1.5"
"Unit11",802,"quiz","quiz-mm-why-multilevel","LO11.1.3"
"Unit11",822,"quiz","quiz-what-next-nonlinear","LO11.2.4"
"Unit11",841,"quiz","quiz-time-series-biological","LO11.2.2, LO11.2.4"
"Unit11",860,"quiz","quiz-sem-biological","LO11.2.4"
"Unit12",34,"practical","Practical","LO12.1.1, LO12.1.2, LO12.1.3, LO12.1.5, LO12.1.8, LO12.1.9, LO11.1.4, LO11.1.8, LO11.1.9, LO7.1.5, LO7.1.6"
"Unit12",53,"quiz","LO-cap-experimental-unit","LO12.1.3"
"Unit12",67,"quiz","LO-cap-df-warming","LO12.1.5, LO11.1.4"
"Unit12",78,"quiz","LO-cap-model-choice","LO12.1.2, LO12.1.1"
"Unit12",106,"quiz","LO-cap-mean-cell","LO2.1.7"
"Unit12",130,"quiz","LO-cap-se-warming","LO11.1.4, LO12.1.3"
"Unit12",150,"quiz","LO-cap-interaction-test","LO7.1.7, LO11.1.8"
"Unit12",162,"quiz","LO-cap-interaction-estimate","LO7.1.5, LO12.1.8"
"Unit12",174,"quiz","LO-cap-warming-coefficient","LO7.1.5"
"Unit12",187,"quiz","LO-cap-variance-components","LO11.1.9, LO11.1.10"
"Unit12",203,"quiz","LO-cap-report","LO12.1.9, LO11.1.13"
"Unit12",223,"quiz","LO-plan-sentence","LO12.1.1"
"Unit12",236,"quiz","LO-plan-model-choice","LO12.1.2"
"Unit12",250,"quiz","LO-plan-experimental-unit","LO12.1.3"
"Unit12",263,"quiz","LO-plan-design-roles","LO12.1.4"
"Unit12",277,"quiz","LO-plan-df-enough","LO12.1.5"
"Unit12",288,"quiz","LO-plan-sample-size","LO12.1.6"
"Unit12",302,"quiz","LO-plan-which-terms","LO12.1.7"
"Unit2",59,"quiz","quiz-dplyr-mutate","LO2.1.7"
"Unit2",77,"quiz","quiz-dplyr-select","LO2.1.7"
"Unit2",94,"quiz","quiz-dplyr-slice","LO2.1.7"
"Unit2",112,"quiz","quiz-dplyr-filter","LO2.1.7"
"Unit2",129,"quiz","quiz-dplyr-arrange","LO2.1.7"
"Unit2",147,"quiz","quiz-dplyr-groupby","LO2.1.7"
"Unit2",162,"quiz","quiz-dplyr-groupby-second-arg","LO2.1.7"
"Unit2",177,"quiz","quiz-dplyr-summarise","LO2.1.7"
"Unit2",193,"quiz","quiz-ggplot-aes","LO2.1.8"
"Unit2",209,"quiz","quiz-ggplot-first-arg","LO2.1.8"
"Unit2",225,"quiz","quiz-ggplot-facets","LO2.1.8"
"Unit2",242,"practical","Practical part 2","LO2.1.2, LO2.1.5, LO2.1.7, LO2.1.8"
"Unit2",273,"quiz","quiz-normal-distribution-bodyfat","LO2.1.8"
"Unit2",289,"quiz","quiz-bodyfat-mean-median","LO2.1.8, LO1.1.2"
"Unit2",308,"quiz","LO-u2-dplyr-error","LO2.1.9, LO2.1.7"
"Unit2",322,"quiz","LO-u2-ggplot-error","LO2.1.9, LO2.1.8"
"Unit2",335,"quiz","quiz-bodyfat-count","LO2.1.7"
"Unit2",351,"quiz","quiz-bodyfat-bmi-outlier","LO2.1.7"
"Unit2",367,"quiz","quiz-bodyfat-extreme-values","LO2.1.8"
"Unit2",391,"quiz","quiz-bodyfat-duplicate-variables","LO2.1.5"
"Unit2",406,"quiz","quiz-bmi-calculation","LO1.1.5, LO2.1.10"
"Unit2",421,"quiz","quiz-bodyfat-extreme-individuals","LO2.1.7, LO2.1.8"
"Unit2",455,"quiz","quiz-bodyfat-predictors","LO2.1.8"
"Unit2",472,"practical","Practical part 3","LO2.1.5, LO2.1.7, LO2.1.8"
"Unit2",493,"quiz","quiz-number-of-countries","LO2.1.7"
"Unit2",506,"quiz","quiz-number-of-years","LO2.1.7"
"Unit2",519,"quiz","quiz-non-na-health-childmort","LO2.1.7"
"Unit2",548,"quiz","quiz-child-mort-africa-2013","LO2.1.7"
"Unit2",563,"quiz","quiz-child-mort-boxplot","LO2.1.8"
"Unit2",592,"quiz","quiz-child-mort-health-spend-facets","LO2.1.8"
"Unit2",615,"practical","Finally: check your scripts are reproducible","LO2.1.10, LO1.1.5"
"Unit2",626,"quiz","lo-exploration-distributions","LO2.1.8"
"Unit2",652,"quiz","lo-dplyr-functions","LO2.1.7"
"Unit2",669,"quiz","weekly-quiz-4","LO2.1.3"
"Unit2",686,"quiz","lo-reproducible-workflows","LO1.1.5, LO2.1.10"
"Unit2",714,"quiz","lo-visualisation-choice","LO2.1.8"
"Unit2",820,"quiz","lo-transformations","LO3.1.13"
"Unit3",106,"practical","Practical part 1","LO3.1.6, LO3.1.10, LO3.1.11, LO3.1.12, LO3.1.13"
"Unit3",124,"quiz","quiz-number-of-countries-available","LO2.1.7"
"Unit3",164,"quiz","quiz-linear-regression-problem","LO3.1.13"
"Unit3",179,"quiz","quiz-transformation-right-skew","LO3.1.13"
"Unit3",195,"quiz","quiz-log-transform-linear","LO3.1.13"
"Unit3",210,"quiz","quiz-log10-interpretation","LO3.1.14"
"Unit3",226,"quiz","quiz-guess-intercept-log10","LO3.1.2"
"Unit3",239,"quiz","quiz-guess-slope-log10","LO3.1.2"
"Unit3",252,"quiz","quiz-degrees-of-freedom-regression","LO3.1.5, LO3.1.6"
"Unit3",267,"quiz","quiz-lm-meaning","LO3.1.10"
"Unit3",288,"quiz","quiz-lm-formula-components","LO3.1.10"
"Unit3",306,"quiz","quiz-get-residuals","LO3.1.10"
"Unit3",322,"quiz","quiz-get-fitted-values","LO3.1.10"
"Unit3",338,"quiz","quiz-residuals-normality","LO3.1.11"
"Unit3",353,"quiz","quiz-residuals-vs-fitted","LO3.1.11"
"Unit3",377,"quiz","LO-leverage-cooks","LO3.1.12"
"Unit3",423,"practical","Practical part 2","LO3.1.11"
"Unit3",554,"quiz","quiz-qqplot-uniform","LO3.1.11"
"Unit3",567,"quiz","quiz-qqplot-left-skewed","LO3.1.11"
"Unit3",580,"quiz","quiz-qqplot-poisson-binom","LO3.1.11"
"Unit3",595,"quiz","quiz-qqplot-right-skewed","LO3.1.11"
"Unit3",615,"quiz","q1-preliminaries","LO1.1.3, LO3.1.5"
"Unit3",638,"quiz","q2-df-numeric","LO3.1.6"
"Unit3",654,"quiz","q3-residual-histogram","LO3.1.11"
"Unit3",672,"quiz","q4-lm-order","LO3.1.10"
"Unit3",689,"quiz","q5-least-squares","LO3.1.3"
"Unit3",705,"quiz","q6-assumptions","LO3.1.9"
"Unit3",726,"quiz","q7-diagnostics","LO3.1.11"
"Unit3",746,"quiz","q8-ggfortify","LO3.1.11"
"Unit3",764,"quiz","q9-scale-location","LO3.1.11"
"Unit3",781,"quiz","LO-when-regression","LO3.1.1"
"Unit3",795,"quiz","LO-error-term","LO3.1.8"
"Unit4",49,"practical","Interpreting regression results","LO4.1.3, LO4.1.7, LO4.1.8"
"Unit4",78,"quiz","quiz-estimated-intercept","LO3.1.10"
"Unit4",91,"quiz","quiz-estimated-slope","LO3.1.10"
"Unit4",108,"quiz","quiz-r-squared","LO4.1.3"
"Unit4",121,"quiz","quiz-slope-zero-compatibility","LO4.1.7"
"Unit4",135,"quiz","quiz-df-error-r-output","LO4.1.8"
"Unit4",152,"practical","Uncertainty, prediction and extrapolation","LO4.1.1, LO4.1.3, LO4.1.5, LO4.1.6, LO4.1.8, LO4.1.9, LO4.1.10, LO4.1.11, LO4.1.14"
"Unit4",159,"quiz","LO-t-from-estimate","LO4.1.5"
"Unit4",184,"quiz","LO-critical-t","LO4.1.8"
"Unit4",195,"quiz","LO-ci-slope-lower","LO4.1.9"
"Unit4",206,"quiz","LO-df-and-ci-width","LO4.1.6, LO3.1.7"
"Unit4",226,"quiz","LO-correlation-r","LO4.1.3"
"Unit4",237,"quiz","LO-r-vs-r2","LO4.1.1"
"Unit4",262,"quiz","LO-predict-100","LO4.1.11"
"Unit4",274,"quiz","LO-prediction-interval-100","LO4.1.11, LO4.1.10"
"Unit4",288,"quiz","LO-extrapolation","LO4.1.14"
"Unit4",302,"practical","Reporting the results","LO4.1.13, LO4.1.12, LO4.1.9"
"Unit4",307,"quiz","quiz-good-reporting-sentence","LO4.1.13"
"Unit4",343,"quiz","quiz-reporting-pattern-loglog","LO4.1.12, LO4.1.13"
"Unit4",359,"quiz","quiz-reporting-statistical-test","LO4.1.13"
"Unit4",384,"practical","Reporting graphically","LO4.1.10"
"Unit4",403,"practical","A linear-linear graph","LO3.1.14, LO4.1.11"
"Unit4",455,"quiz","quiz-interpret-nonlinearity-spend","LO3.1.14, LO4.1.12"
"Unit4",473,"practical","Policy implications and recommendations","LO4.1.14"
"Unit4",482,"quiz","quiz-causation-vs-correlation","LO4.1.14"
"Unit4",556,"quiz","q6-predict","LO4.1.11"
"Unit4",575,"quiz","q7-confidence-vs-prediction","LO4.1.10"
"Unit4",601,"quiz","q-interpret-slope","LO4.1.12"
"Unit4",620,"quiz","q-calc-r-squared-ss","LO4.1.2"
"Unit4",633,"quiz","q-calc-slope-ss","LO3.1.3"
"Unit4",647,"quiz","q-calc-predicted-value","LO3.1.4"
"Unit4",660,"quiz","q-calc-ci-slope","LO4.1.9"
"Unit4",673,"quiz","q-definition-pvalue-slope","LO4.1.4, LO4.1.5"
"Unit5",123,"practical","1. Get organised and prepared","LO2.1.5, LO5.1.3"
"Unit5",138,"quiz","quiz-anova-nrows","LO2.1.5"
"Unit5",158,"quiz","quiz-anova-n-observations","LO2.1.7"
"Unit5",183,"quiz","quiz-anova-n-groups","LO5.1.3"
"Unit5",200,"quiz","quiz-anova-total-df","LO5.1.3"
"Unit5",213,"practical","2. Visualise","LO2.1.6, LO2.1.8"
"Unit5",231,"quiz","quiz-anova-graph-choice","LO2.1.8"
"Unit5",281,"quiz","quiz-anova-interpret-graph","LO2.1.8"
"Unit5",310,"quiz","quiz-anova-assumptions-graph","LO5.1.10"
"Unit5",339,"quiz","quiz-expected-pvalue-from-boxplot","LO5.1.2"
"Unit5",367,"practical","3. Fit a one-way ANOVA model","LO5.1.6"
"Unit5",378,"practical","4. Check assumptions","LO5.1.10"
"Unit5",383,"quiz","quiz-anova-diagnostic-plots","LO5.1.10"
"Unit5",413,"practical","5. Interpret the ANOVA table","LO5.1.3, LO5.1.7"
"Unit5",422,"quiz","quiz-anova-df-as-expected","LO5.1.3"
"Unit5",441,"quiz","quiz-anova-table-interpretation","LO5.1.7, LO12.1.4"
"Unit5",470,"practical","6. Make a great visualisation","LO5.1.13"
"Unit5",476,"practical","7. Reporting sentence","LO5.1.8, LO5.1.13"
"Unit5",483,"quiz","quiz-effect-druga-high","LO5.1.8, LO2.1.6"
"Unit5",496,"practical","8. Perform a post-hoc comparisons to identify which treatments differ","LO5.1.11"
"Unit5",509,"quiz","quiz-tukey-hsd-multiple-true","LO5.1.11"
"Unit5",544,"practical","Critique","LO5.1.12"
"Unit5",556,"practical","Some things to note","LO5.1.8, LO5.1.9"
"Unit5",569,"quiz","ga5-q3-sample-size","LO5.1.3"
"Unit5",585,"quiz","ga6-q3-anova-pvalue","LO5.1.7"
"Unit5",611,"quiz","quiz-anova-f-statistic","LO5.1.2"
"Unit5",640,"quiz","quiz-anova-nonsignificant-pvalue","LO5.1.7"
"Unit5",668,"quiz","quiz-anova-causal-interpretation","LO12.1.4"
"Unit5",696,"quiz","quiz-effect-size-from-summary-5levels","LO5.1.8"
"Unit5",778,"quiz","LO-anova-table-missing","LO5.1.4, LO5.1.5"
"Unit5",789,"quiz","LO-anova-why-mean-squares","LO5.1.4"
"Unit5",806,"quiz","ga5-q7-assumptions","LO3.1.13"
"Unit5",840,"quiz","ga5-q6-linear-model-definition","LO3.1.15"
"Unit6",42,"quiz","quiz-dplyr-select","LO2.1.7"
"Unit6",62,"quiz","quiz-dplyr-mutate-transform","LO2.1.7"
"Unit6",89,"quiz","quiz-df-error-multiple-regression-example","LO6.1.5"
"Unit6",108,"quiz","quiz-why-make-a-model","LO6.1.1"
"Unit6",141,"quiz","quiz-new-data-function-expandgrid","LO6.1.10"
"Unit6",160,"quiz","quiz-reporting-criticism","LO6.1.14"
"Unit6",199,"practical","1. The question","LO6.1.1"
"Unit6",213,"quiz","quiz-milk-hypothesis","LO6.1.1"
"Unit6",253,"practical","2. Explore the data","LO2.1.8, LO6.1.5, LO6.1.11"
"Unit6",266,"quiz","quiz-milk-n-observations","LO2.1.5"
"Unit6",280,"quiz","quiz-milk-distributions","LO2.1.8"
"Unit6",334,"quiz","quiz-milk-kcal-mass","LO2.1.8"
"Unit6",349,"quiz","quiz-milk-kcal-neocortex","LO2.1.8"
"Unit6",365,"quiz","quiz-milk-mass-neocortex","LO6.1.11"
"Unit6",384,"quiz","quiz-milk-collinearity","LO6.1.11"
"Unit6",413,"quiz","quiz-milk-df-error-multiple-regression","LO6.1.5"
"Unit6",427,"practical","3. Fit the multiple regression model","LO6.1.3, LO6.1.4, LO6.1.7"
"Unit6",442,"quiz","quiz-milk-residual-patterns","LO6.1.4"
"Unit6",457,"quiz","quiz-milk-qqplot-ok","LO6.1.4"
"Unit6",478,"quiz","quiz-milk-slope-kcal-mass","LO6.1.3"
"Unit6",492,"quiz","quiz-milk-slope-chance","LO6.1.7, LO4.1.5"
"Unit6",520,"quiz","quiz-milk-slope-kcal-neocortex","LO6.1.3"
"Unit6",533,"quiz","quiz-milk-ci-neocortex-lower","LO4.1.8, LO4.1.9"
"Unit6",549,"quiz","quiz-adjusted-vs-multiple-r2","LO6.1.8"
"Unit6",579,"practical","4. Interpret the results","LO6.1.10, LO6.1.14"
"Unit6",590,"practical","5. Unique contributions of each explanatory variable","LO6.1.11, LO6.1.12"
"Unit6",606,"quiz","quiz-milk-f-statistic-model-comparison","LO6.1.12"
"Unit6",619,"quiz","quiz-milk-partial-r2","LO6.1.12"
"Unit6",632,"quiz","quiz-milk-partial-r2-interpretation","LO6.1.12"
"Unit6",661,"practical","6. Collinearity and standardised coefficients","LO6.1.9, LO6.1.11"
"Unit6",671,"quiz","LO-milk-vif","LO6.1.11"
"Unit6",690,"quiz","LO-milk-standardised","LO6.1.9"
"Unit6",701,"quiz","LO-standardised-what-lost","LO6.1.9"
"Unit6",715,"practical","Practical part 2","LO6.1.8"
"Unit6",734,"quiz","quiz-r2-random-variable-variability","LO6.1.8"
"Unit6",766,"practical","Practical part 3","LO6.1.5, LO6.1.7, LO6.1.13, LO6.1.11, LO6.1.14, LO4.1.14"
"Unit6",784,"quiz","LO-mayfly-df","LO6.1.5, LO12.1.5"
"Unit6",795,"quiz","LO-mayfly-df-categorical","LO6.1.5"
"Unit6",816,"quiz","LO-mayfly-slope-simple","LO6.1.13"
"Unit6",827,"quiz","LO-mayfly-slope-adjusted","LO6.1.7, LO6.1.13"
"Unit6",838,"quiz","LO-mayfly-why-different","LO6.1.13, LO6.1.7"
"Unit6",852,"quiz","LO-mayfly-cost-of-adjusting","LO6.1.11, LO6.1.13"
"Unit6",866,"quiz","LO-mayfly-causation","LO6.1.13, LO4.1.14"
"Unit6",883,"quiz","q1-simple-vs-multiple","LO6.1.1"
"Unit6",904,"quiz","quiz-multiple-regression-df","LO6.1.5"
"Unit6",918,"quiz","quiz-multiple-regression-interpretation","LO6.1.7"
"Unit6",943,"quiz","q2-ensemble-effect","LO6.1.6"
"Unit6",963,"quiz","q4-formula-syntax","LO6.1.3"
"Unit6",984,"quiz","q5-r-squared","LO6.1.8"
"Unit6",1009,"quiz","quiz-milk-semi-partial-r2","none (beyond objectives)"
"Unit6",1038,"quiz","quiz-multiple-regression-collinearity","LO6.1.11"
"Unit6",1064,"quiz","quiz-confidence-vs-prediction-bands","LO4.1.10"
"Unit6",1093,"quiz","quiz-multiple-regression-interpretation-hb","LO6.1.6, LO6.1.7, LO5.1.8"
"Unit6",1175,"quiz","LO-mr-equation","LO6.1.2"
"Unit7",85,"practical","0. The biological question","LO7.1.1, LO7.1.8, LO12.1.1"
"Unit7",92,"quiz","quiz-intertidal-biological-question","LO7.1.1"
"Unit7",123,"quiz","quiz-intertidal-factors","LO12.1.1"
"Unit7",151,"quiz","quiz-intertidal-response-explicit","LO12.1.1"
"Unit7",178,"quiz","quiz-intertidal-expected-pattern","LO7.1.2"
"Unit7",204,"quiz","quiz-intertidal-design-why-shuffled","LO12.1.4"
"Unit7",236,"quiz","quiz-intertidal-number-of-betas","LO7.1.8"
"Unit7",250,"quiz","quiz-intertidal-df-error","LO7.1.8"
"Unit7",266,"quiz","quiz-intertidal-anova-table-structure","LO7.1.8"
"Unit7",295,"quiz","quiz-intertidal-df-model-terms","LO7.1.8"
"Unit7",314,"practical","1. Prepare a script, load the data, and make some basic checks on the dataset.","LO2.1.7"
"Unit7",374,"quiz","quiz-intertidal-low-values","LO2.1.8"
"Unit7",412,"practical","2. Visualise the answer to the question","LO7.1.2"
"Unit7",455,"quiz","quiz-intertidal-mean-noherb-low","LO2.1.7"
"Unit7",468,"quiz","quiz-intertidal-sd-withherb-midh","LO2.1.7"
"Unit7",482,"practical","3. Fit an appropriate statistical model","LO7.1.4"
"Unit7",485,"quiz","quiz-linear-model-interaction-syntax","LO7.1.4"
"Unit7",519,"practical","4. Check the assumptions of model","LO3.1.11"
"Unit7",531,"practical","5. Interpret the model","LO7.1.7, LO7.1.8"
"Unit7",542,"quiz","quiz-anova-df-unexpected-misspecified","LO7.1.8"
"Unit7",587,"quiz","quiz-intertidal-adjusted-r2","LO4.1.2"
"Unit7",603,"quiz","quiz-interaction-main-effects-meaning","LO7.1.5"
"Unit7",648,"practical","6. Make a visualisation of the data, good for publication","LO7.1.9"
"Unit7",666,"practical","7. Write reporting sentence(s).","LO7.1.9"
"Unit7",677,"quiz","quiz-reporting-df-why-useful","LO7.1.9"
"Unit7",706,"practical","8. Critique and reflection","LO12.1.7"
"Unit7",721,"practical","Practical part 2","LO7.1.4, LO7.1.6, LO7.1.7"
"Unit7",776,"quiz","quiz-countries-africa","LO2.1.7"
"Unit7",789,"quiz","quiz-countries-not-africa","LO2.1.7"
"Unit7",803,"quiz","quiz-rugged-distribution","LO2.1.8"
"Unit7",825,"quiz","quiz-rugged-lowest-country","LO2.1.7"
"Unit7",838,"quiz","quiz-rugged-switzerland-rank","LO2.1.7"
"Unit7",851,"quiz","quiz-gdp-na-total","LO2.1.7"
"Unit7",865,"quiz","quiz-gdp-na-africa","LO2.1.7"
"Unit7",879,"quiz","quiz-gdp-na-not-africa","LO2.1.7"
"Unit7",903,"quiz","quiz-rugged-df-error","LO6.1.5, LO7.1.8"
"Unit7",957,"practical","Interpreting the coefficients of a model with an interaction","LO7.1.5, LO7.1.6"
"Unit7",973,"quiz","LO-rugged-slope-africa","LO7.1.5"
"Unit7",985,"quiz","LO-rugged-slope-not-africa","LO7.1.5, LO7.1.6"
"Unit7",997,"quiz","LO-rugged-main-effect-meaning","LO7.1.5"
"Unit7",1010,"quiz","LO-rugged-difference-at-3","LO7.1.6"
"Unit7",1055,"quiz","quiz-interaction-meaning","LO7.1.1"
"Unit7",1082,"quiz","quiz-multiple-regression-interaction","LO7.1.5"
"Unit7",1108,"quiz","quiz-ancova-interaction","LO7.1.1"
"Unit7",1136,"quiz","quiz-two-way-anova-interaction","LO7.1.1"
"Unit7",1161,"quiz","ga6-q4-degrees-of-freedom","LO7.1.8"
"Unit7",1177,"quiz","ga6-q5-model-choice","LO7.1.3, LO7.1.1"
"Unit7",1207,"quiz","ga6-q6-n-data-points","LO7.1.8"
"Unit7",1227,"quiz","ga6-q1-linear-models","LO5.1.1, LO7.1.4"
"Unit7",1245,"quiz","ga6-q2-lm-function","LO3.1.15, LO7.1.4"
"Unit8",40,"practical","Practical part 1","LO8.1.1, LO8.1.2, LO8.1.4, LO8.1.5, LO8.1.6, LO8.1.7, LO8.1.8, LO8.1.9, LO8.1.10, LO8.1.11, LO8.1.12, LO8.1.13"
"Unit8",73,"quiz","LO-ticks-n","LO2.1.5"
"Unit8",84,"quiz","LO-ticks-why-not-lm","LO8.1.1, LO8.1.2"
"Unit8",106,"quiz","LO-ticks-df","LO8.1.10, LO12.1.5"
"Unit8",130,"quiz","LO-ticks-dispersion","LO8.1.11"
"Unit8",142,"quiz","LO-ticks-overdispersion-consequence","LO8.1.11"
"Unit8",165,"quiz","LO-ticks-zeros","LO8.1.12"
"Unit8",180,"quiz","LO-ticks-independence","LO11.1.1, LO12.1.3"
"Unit8",211,"quiz","LO-ticks-deviance-change","LO8.1.5, LO8.1.9, LO8.1.10"
"Unit8",232,"quiz","LO-ticks-F","LO8.1.9, LO8.1.11"
"Unit8",248,"quiz","LO-ticks-per-100m","LO8.1.7"
"Unit8",268,"quiz","LO-ticks-year97","LO8.1.7"
"Unit8",291,"quiz","LO-ticks-predict","LO8.1.8"
"Unit8",307,"quiz","LO-ticks-report","LO8.1.13"
"Unit8",340,"practical","0. The biological question","LO8.1.1, LO8.1.2"
"Unit8",363,"practical","1. Prepare a script, load the data, and make some basic checks on the dataset.","LO2.1.7"
"Unit8",380,"quiz","quiz-na-any-five-vars","LO2.1.7"
"Unit8",393,"practical","2. Visualise to answer the question.","LO6.1.11"
"Unit8",403,"quiz","quiz-abalone-associated-variables","LO2.1.8"
"Unit8",431,"quiz","quiz-abalone-why-multiple-associated","LO6.1.11"
"Unit8",460,"quiz","quiz-abalone-collinearity-concern","LO6.1.11"
"Unit8",495,"practical","3. Fit an appropriate model.","LO8.1.4"
"Unit8",507,"practical","4. Check the assumptions of the model.","LO8.1.6, LO8.1.11"
"Unit8",517,"quiz","quiz-abalone-diagnostics-most-concerning","LO8.1.6"
"Unit8",552,"quiz","quiz-abalone-overdispersion","LO8.1.11"
"Unit8",580,"quiz","quiz-abalone-overdispersion-value","LO8.1.11"
"Unit8",599,"practical","5. Interpret the model.","LO8.1.4, LO6.1.11"
"Unit8",608,"quiz","quiz-abalone-significant-predictors","LO8.1.4, LO6.1.11"
"Unit8",683,"quiz","quiz-observed-vs-predicted-line","none (beyond objectives)"
"Unit8",709,"practical","6. Make a visualisation of the data, good for publication.","LO8.1.8"
"Unit8",758,"practical","7. Write reporting sentences.","LO8.1.13"
"Unit8",769,"practical","Practical part 3","LO8.1.7, LO8.1.8"
"Unit8",785,"quiz","quiz-abalone-length-only-slope","LO8.1.4"
"Unit8",798,"quiz","quiz-abalone-poisson-slope-interpretation","LO8.1.7"
"Unit8",818,"quiz","quiz-abalone-why-not-additive","LO8.1.7"
"Unit8",849,"quiz","quiz-abalone-poisson-prediction","LO8.1.7, LO8.1.8"
"Unit8",870,"quiz","quiz-q1-poisson-basics","LO8.1.1, LO8.1.3"
"Unit8",892,"quiz","quiz-q2-poisson-coefs","LO8.1.7"
"Unit8",911,"quiz","quiz-q3-overdispersion","LO8.1.11"
"Unit8",928,"quiz","quiz-q4-prediction-scale","LO8.1.8"
"Unit8",946,"quiz","quiz-q5-model-fit","LO8.1.9"
"Unit8",963,"quiz","quiz-q6-link-function","LO8.1.3"
"Unit9",32,"video","Video walkthrough; insect death!","LO9.1.3, LO9.1.7, LO9.1.12 (video only)"
"Unit9",54,"practical","Practical part 1","LO9.1.2, LO9.1.3, LO9.1.5, LO9.1.7, LO9.1.8, LO9.1.9, LO9.1.10, LO9.1.11, LO9.1.12, LO9.1.14"
"Unit9",74,"quiz","LO-pest-n-insects","LO9.1.2"
"Unit9",96,"quiz","LO-pest-why-not-lm","LO9.1.3"
"Unit9",114,"quiz","LO-pest-df","LO12.1.5, LO9.1.7"
"Unit9",135,"quiz","LO-pest-dispersion","LO9.1.11, LO9.1.12"
"Unit9",158,"quiz","LO-pest-interaction-test","LO9.1.10, LO8.1.10"
"Unit9",175,"quiz","LO-pest-or-A","LO9.1.8"
"Unit9",187,"quiz","LO-pest-slope-B","LO9.1.8, LO7.1.5"
"Unit9",213,"quiz","LO-pest-predicted-prob","LO9.1.9, LO9.1.5"
"Unit9",229,"quiz","LO-pest-report","LO9.1.14"
"Unit9",244,"quiz","LO-separation","LO9.1.13"
"Unit9",257,"practical","Practical part 2","LO9.1.1, LO9.1.6, LO9.1.8, LO9.1.9, LO9.1.10, LO9.1.14, LO6.1.11"
"Unit9",306,"practical","Practical part 3","LO9.1.6, LO9.1.9"
"Unit9",333,"practical","Final thoughts on prediction","none (beyond objectives)"
"Unit9",349,"quiz","quiz-binomial-what-questions","LO9.1.1"
"Unit9",365,"quiz","quiz-binomial-response","LO9.1.1"
"Unit9",382,"quiz","quiz-logit-link","LO9.1.4"
"Unit9",400,"quiz","quiz-binomial-coef-interpretation","LO9.1.8"
"Unit9",417,"quiz","quiz-odds-ratio","LO9.1.8"
"Unit9",431,"quiz","quiz-prob-from-logodds","LO9.1.5"
"Unit9",446,"quiz","quiz-predicted-probability","LO9.1.5"
"Unit9",460,"quiz","quiz-odds-vs-probability","LO9.1.4"
"Unit9",477,"quiz","quiz-binomial-vs-binary","LO9.1.2"
"Unit9",493,"quiz","quiz-binomial-implementation-glm","LO9.1.6"
"Unit9",520,"quiz","quiz-binomial-predict-probabilities","LO9.1.9"
"Unit9",548,"quiz","quiz-binomial-exp-coef","LO9.1.8"
